,Requirements
0,"L i s a n s   D e r e c e s i   v e   ü ç   y ı l l ı k   p e r a k e n d e   d e n e y i m i   v e y a   d e r e c e   y e r i n e   d ö r t   y ı l l ı k   p e r a k e n d e   d e n e y i m i ,   E n   a z   b i r   y ı l l ı k   y ö n e t i m   d e n e y i m i ,   k o ç l u k   v e   m e n t o r l u k   d e n e y i m i ,   p e r a k e n d e   y ö n e t i m i n d e   k a n ı t l a n a b i l i r   d e n e y i m ,   İ n g i l i z c e   i l e t i ş i m   k u r a b i l m e ,   p e r a k e n d e   i ş   s i s t e m l e r i n i   k u l l a n a b i l m e   v e   M i c r o s o f t   O f f i c e ' i   k u l l a n m a k ,   H a f t a   s o n l a r ı ,   a k ş a m l a r ı   v e   t a t i l   g ü n l e r i n d e   g e r e k t i ğ i   g i b i   ç a l ı ş a b i l m e"
1,"O r t a   ö l ç e k l i   b i r   y a z ı l ı m   g e l i ş t i r m e   e k i b i n e   l i d e r l i k   e d e n ,   b ü y ü m e y i ,   ç e ş i t l i l i ğ i   t e ş v i k   e d e n ,   i l h a m   v e r e n   v e   g ü ç l e n d i r e n ,   ü ç   y ı l ı   a ş k ı n   d e n e y i m ,   Y a z ı l ı m   m ü h e n d i s l i ğ i n d e   b e ş   v e   ü z e r i   y ı l l ı k   d e n e y i m ,   G ü ç l ü   p e r f o r m a n s   y ö n e t i m i   i l k e l e r i ,   i n s a n l a r ı   g e l i ş t i r m e   k o n u s u n d a   k a n ı t l a n m ı ş   g e ç m i ş   p e r f o r m a n s ,   U z a k ,   ç o k   k ü l t ü r l ü   e k i p l e r i   y ö n e t m e   d e n e y i m i"
2,"Y a z ı l ı m   g e l i ş t i r m e d e   ü ç   y ı l ı   a ş k ı n   p r o f e s y o n e l   d e n e y i m ,   P y t h o n   v e   P a n d a l a r   i l e   ç a l ı ş m a   d e n e y i m i ,   D a ğ ı t ı l m ı ş   h e s a p l a m a   v e   v e r i   m o d e l l e m e n i n   t e m e l   i l k e l e r i n e   a ş i n a l ı k ,   M ü h e n d i s l i k   y a z ı l ı m   p l a t f o r m l a r ı   v e   v e r i   a l t y a p ı l a r ı   d a h i l   o l m a k   ü z e r e   n e s n e   y ö n e l i m l i   t a s a r ı m   v e   k o d l a m a   v e   t e s t   m o d e l l e r i y l e   i l g i l i   k a p s a m l ı   d e n e y i m ,   A i r f l o w   v e   L u i g i   i l e   ç a l ı ş m a   d e n e y i m i   b ü y ü k   b i r   a r t ı ,   S c a l a   i l e   ç a l ı ş m a   d e n e y i m i   b i r   a r t ı d ı r ,   G o o g l e   C l o u d   P l a t f o r m ' a   a ş i n a l ı k ,   B o y u t s a l   M o d e l l e m e   v e   R a y l a r   i l e   ç a l ı ş m a   d e n e y i m i   b i r   a r t ı d ı r ,   Ü s t ü n   i l e t i ş i m   v e   k i ş i l e r a r a s ı   b e c e r i l e r ,   T a m   z a m a n l ı   m ü s a i t l i k"
3,"S t r a t e j i k   P l a n l a m a   v e   h e d e f   y a y ı l ı m   m e t o t l a r ı n ı   e t k i n   k u l l a n a n ,   S a t ı ş   O p e r a s y o n   P l a n l a m a     s ü r e ç l e r i n e   h a k i m ,   L i d e r l i k   b e c e r i l e r i   g ü ç l ü ,   F a r k l ı   l o k a s y o n l a r d a k i   e k i p l e r i   y ö n e t m e   v e   d e n e t l e m e   k o n u l a r ı n d a   y e t e n e k l i ,   D i n a m i k ,   y e n i l i k ç i   v e   t a k ı m   ç a l ı ş m a s ı n a   y a t k ı n ,   A n a l i t i k   d ü ş ü n m e   v e   p r o b l e m   ç ö z m e   y e t e n e ğ i   g e l i ş m i ş ,   ç ö z ü m   o d a k l ı ,   P l a n l a m a   v e   i ş   t a k i p   y e t e n e ğ i n e   s a h i p ,   D e ğ i ş i m   y ö n e t i m i   b e c e r i l e r i n e   v e   s t r a t e j i k   b a k ı ş   a ç ı s ı n a   s a h i p ,   İ l e t i ş i m i   g ü ç l ü ,   i k n a   v e   m ü z a k e r e   b e r i l e r i   y ü k s e k ,   A n a l i t i k ,   r a p o r l a m a   v e   p l a n l a m a   b e c e r i s i   y ü k s e k ,   D e t a y l a r a   h a k i m ,   d i s i p l i n l i ,   s o r u m l u l u k   s a h i b i   v e   i ş   a i d i y e t i   y ü k s e k"
4,"T ü r k i y e ’ d e k i   ü n i v e r s i t e l e r d e   v e y a   T . C .   v a t a n d a ş ı   o l a r a k   y u r t d ı ş ı n d a k i   ü n i v e r s i t e l e r d e   o k u y a n   ü ç ü n c ü   v e   d ö r d ü n c ü   s ı n ı f   ö ğ r e n c i s i y s e n ,   T e r c i h e n   M ü h e n d i s l i k   v e y a   İ k t i s a d i   v e   İ d a r i   B i l i m l e r   f a k ü l t e l e r i n d e   o k u y o r s a n ,   B u   y a z   s t a j ı n   i ç i n   f ı r s a t   a r ı y o r s a n , 
 Ç o k   i y i   d e r e c e d e   İ n g i l i z c e   b i l i y o r s a n ,   Ö ğ r e n m e y e   h e v e s l i ,   y e n i l i k l e r e   a ç ı k   v e   g e l i ş i m   o d a k l ı y s a n ,   i y i   b i r   t a k ı m   o y u n c u s u   o l d u ğ u n u   d ü ş ü n ü y o r s a n ,   O n l i n e   v e y a   h i b r i t   ç a l ı ş m a   m o d e l l e r i   i l e   i ş   h a y a t ı n ı   d e n e y i m l e m e k   i s t i y o r s a n"
5,"E c z a c ı b a ş ı   H o l d i n g   o l a r a k   y u r t i ç i   v e   y u r t d ı ş ı n d a k i   k u r u l u ş l a r ı m ı z l a   y ü r ü t t ü ğ ü m ü z   i ş   s a ğ l ı ğ ı   v e   g ü v e n l i ğ i   p r o j e   s ü r e ç l e r i n e   v e   k o o r d i n a s y o n a   d e s t e k   o l m a k ,   T o p l u l u k   i ş   s a ğ l ı ğ ı   v e   g ü v e n l i ğ i   s t a n d a r t l a r ı n ı n   o l u ş t u r u l m a s ı   v e   d e n e t i m   s ü r e ç l e r i n d e   g ö r e v   a l m a k ,   T o p l u l u k   A f e t   Y ö n e t i m   S i s t e m i   p r o j e s i n d e   g ö r e v   a l m a k ,   H a z ı r l a n a c a k   s u n u m l a r a ,   i ç   a n a l i z   v e   d e ğ e r l e n d i r m e   r a p o r l a r ı n a   d e s t e k   o l m a k ,   I ç   i l e t i ş i m ,   e ğ i t i m ,   e t k i n l i k   s ü r e ç l e r i n d e   g ö r e v   a l m a k ."
6,"S a t ı ş   v e   d i j i t a l   p r o j e l e r i n   k u r g u l a n m a s ı   v e   h a y a t a   g e ç i r i l m e s i ,   S a t ı ş   r a p o r l a r ı n ı n   h a z ı r l a n m a s ı ,   M D G   s i s t e m i n d e   m ü ş t e r i   v e   s e v k   a d r e s l e r i n i n   t a n ı m l a n m a s ı ,   S a h a   e k i p l e r i   i l e   o l a n   s ü r e ç l e r i n   i l e r l e t i l m e s i ,   F i n a n s a l   r a p o r l a r ı n   t a k i b i  "
7,"Ü n i v e r s i t e l e r i n   M ü h e n d i s l i k   v e y a   S o s y a l   B i l i m l e r   v e y a     İ k t i s a d i   v e   İ d a r i   B i l i m l e r   b ö l ü m l e r i n d e n   m e z u n ,   İ n s a n   K a y n a k l a r ı   a l a n ı n d a   k a r i y e r   h e d e f l e y e n ,   İ l e r i   s e v i y e d e   y a z ı l ı   v e   s ö z l ü   İ n g i l i z c e   b i l g i s i n e   s a h i p ,   M S   O f f i c e   p r o g r a m l a r ı n ı   i y i   s e v i y e d e   k u l l a n a b i l e n ,   K a l i t e   v e   d e t a y   o d a k l ı ,   g ü ç l ü   a n a l i t i k   d ü ş ü n m e ,   p l a n l a m a   v e   o r g a n i z a s y o n   y e t k i n l i k l e r i n e   s a h i p ,   G ü ç l ü   i l e t i ş i m   v e   i ş   b i r l i ğ i   b e c e r i l e r i n e   s a h i p ,   D e ğ i ş i m e   v e   g e l i ş i m e   a ç ı k ,   S e y a h a t   e n g e l i   o l m a y a n ,   İ z m i r ’ d e   v e y a   İ s t a n b u l ’ d a   i k a m e t   e d e n"
8,"Ü n i v e r s i t e l e r i n   M ü h e n d i s l i k   b ö l ü m l e r i n d e n   m e z u n ,   S S I S   i l e   E T L   i ş l e r i   g e l i ş t i r m e   k o n u s u n d a   e n   a z   i k i   y ı l   d e n e y i m l i ,   O D I   s e n a r y o l a r ı n d a   f t p ,   m a i l   g ö n d e r i m   v b .   b i l e ş e n l e r i   k u l l a n m ı ş ,   k n o w l e d g e   m o d ü l l e r   k o n u s u n d a   b i l g i   s a h i b i ,   İ y i   d e r e c e d e   M S S Q L   b i l g i s i n e   s a h i p   A y r ı c a   N o S Q L   t a r a f ı n d a   d a   t e c r ü b e   e d i n m i ş   ,   p e r f o r m a n s   i y i l e ş t i r m e   ç a l ı ş m a l a r ı n d a   b u l u n m u ş ,   T e r c i h e n   F l i n k ,   S p a r k   v e   K a f k a   g i b i   a ç ı k   k a y n a k   v e r i   t e k n o l o j i l e r i , B u l u t   t a b a n l ı   v e r i   a m b a r l a r ı   ö z e l l i k l e   R e d s h i f t ,   B i g Q u e r y   v e y a   S n o w f l a k e ,   A p a c h e   A i r f l o w ,   A r g o   W o r k f l o w   g i b i   o r k e s t r a s y o n ,   A W S   v e   A t h e n a ,   G l u e ,   L a m b d a   v e   H u d i ,   I c e b e r g ,   D e l t a   L a k e   g i b i   d a t a   l a k e   t a b l o   f o r m a t l a r ı   k o n u s u n d a   d e n e y i m l i ,   Ö ğ r e n m e y e   a ç ı k ,   a l a n ı n d a k i   g e l i ş m e l e r i   t a k i p   e d e n ,   t a k ı m   ç a l ı ş m a s ı n a   y a t k ı n ,   ç e v i k   m e t o d o l o j i l e r   k o n u s u n d a   b i l g i   s a h i b i ,   a n a l i z   y e t e n e ğ i   y ü k s e k ,   v e r i y i   a n l a m l a n d ı r m a   k o n u s u n d a   y e t k i n ,   L i t e r a t ü r ü   t a k i p   e d e c e k   v e   p r o b l e m   ç ö z ü m ü   d e s t e k   ç a l ı ş m a l a r ı n d a   ü r e t i c i l e r i n   y u r t d ı ş ı   k a y n a k l a r ı   i l e   İ l e t i ş i m   k u r a b i l e c e k   d ü z e y d e   İ n g i l i z c e   b i l e n"
9,"Ü n i v e r s i t e l e r i n   d ö r t   y ı l l ı k   b ö l ü m l e r i n d e n   m e z u n   o l m a k ,   E r k e k   a d a y l a r   i ç i n   a s k e r l i k   h i z m e t i n i   t a m a m l a m ı ş   v e y a   m u a f   o l m a k ,   İ y i   s e v i y e d e   İ n g i l i z c e   b i l m e k ,   Y u r t i ç i   v e   y u r t d ı ş ı   s e y a h a t   e n g e l i   b u l u n m a m a k ,   B   s ı n ı f ı   a r a ç   e h l i y e t i n e   s a h i p   o l m a k ,   S ö z l ü   v e   y a z ı l ı   o l a r a k   k e n d i n i   i y i   i f a d e   e d e b i l m e k ,   B u r s a ' d a   i k a m e t   e d e n   v e y a   e d e b i l e c e k ,   V e r i   a n a l i t i ğ i   ç ö z ü m l e r i   s a t ı ş ı   k o n u s u n d a   t e c r ü b e   s a h i b i"
10,"A n a l i z   Y a p m a ,   R a p o r l a m a   v e   İ s t a t i s t i k s e l   V e r i   O l u ş t u r m a   Y e t e n e k l e r i n e   S a h i p ,   İ l e r i   d e r e c e d e   İ n g i l i z c e   b i l e n ,   a k t i f   k u l l a n a n ,   M S   O f f i c e   P r o g r a m l a r ı n ı   ö z e l l i k l e   e x c e l i   i y i   d e r e c e d e   k u l l a n a b i l e n ,   Ü n i v e r s i t e l e r i n   i l g i l i   b ö l ü m l e r i n d e n   m e z u n ,   K o n u s u n d a   e n   a z   i k i   y ı l   t e c r ü b e l i ,   T e r c i h e n   s a h a   e k i p l e r i n d e n   b i l g i   a l a r a k   r a p o r   o l u ş t u r m a   k o n u s u n d a   t e c r ü b e l i ,   S a h a   e k i b i   y ö n e t e b i l e c e k ,   İ l e t i ş i m   b e c e r i l e r i   g ü ç l ü ,   Y e n i   t e k n o l o j i l e r   h a k k ı n d a   b i l g i   s a h i b i ,   t a k ı m   ç a l ı ş m a s ı n a   y a t k ı n ,   i l e t i ş i m   y e t e n e ğ i   g ü ç l ü ,   t a k i p ç i ,   ç ö z ü m   ü r e t e b i l e n ,   P r a t i k   v e   a n a l i t i k   d ü ş ü n e b i l e n ,   S i s t e m l i   v e   d ü z e n l i   ç a l ı ş a n ,   E r k e k   a d a y l a r   i ç i n   a s k e r l i k   g ö r e v i n i   t a m a m l a m ı ş"
11,"A v r u p a ,   A f r i k a   v e   O r t a d o ğ u   p i y a s a s ı n d a   m e v c u t   d i s t r i b ü t ö r l e r l e   i ş   g e l i ş t i r m e   v e   y e n i   d i s t r i b ü t ö r l ü k l e r   o l u ş t u r a r a k   p a z a r   e l d e   e d i l m e s i ,   Y u r t d ı ş ı   s a t ı ş   t o p l a n t ı   v e   o r g a n i z a s y o n l a r ı n ı ,   l o j i s t i k   v e   e v r a k   s ü r e ç l e r i n i   o r g a n i z e   e d i l m e s i ,   H e r h a n g i   b i r   i ş   t e c r ü b e s i   z o r u n l u l u ğ u   y o k t u r ,   İ y i   d e r e c e d e   y a z ı l ı   v e   s ö z l ü   İ n g i l i z c e   b i l g i s i   b u l u n a n 
 M S   O f f i c e   p r o g r a m l a r ı n ı   k u l l a n a b i l e n ,   R a p o r l a m a   v e   C R M   i ş l e r i n i   y ü r ü t e b i l e c e k ,   k e n d i   m ü ş t e r i   p o r t f ö y ü n ü n   o p e r a s y o n   i ş l e r i n i   y a p a c a k ,   t a k i p   e d e c e k   v e   g e r e k t i ğ i n d e   f i r m a n ı n   e s k i   m ü ş t e r i   p o r t f ö y ü n ü n   i ş l e r i n i n e   y a r d ı m c ı   o l a c a k ,   P r e z a n t a b l ,   k i ş i s e l   g e l i ş i m i n e   ö n e m   v e r e n   v e   i ş   h a y a t ı n d a   e n e r j i s i y l e   a k t i f   k i ş i l i ğ e   s a h i p , 
 S e y a h a t   e n g e l i   b u l u n m a y a n ,   G ü m r ü k   i ş l e m l e r i   v e   i h r a c a t / i t h a l a t   l o j i s t i k   o r g a n i z a s y o n l a r l a   a l a k a l ı   s o r u m l u l u k l a r ı n   y e r i n e   g e t i r i l m e s i ,   Y u r t d ı ş ı   ü r ü n   s a t ı ş ı n d a   t ü m   i h r a c a t   o p e r a s y o n l a r ı n ı   y e r i n e   g e t i r m e k ,   İ h r a c a t ı   y a p ı l a n   ü r ü n l e r e   a i t   t ü m   r e s m i   k u r u m l a r l a   o l a n   s ü r e ç l e r i   y e r i n e   g e t i r m e k ,   Y u r t   d ı ş ı n d a k i   d ı ş   p a z a r l a r a   y ö n e l i k   p i y a s a   a r a ş t ı r m a s ı   y a p a c a k"
12,"Ü n i v e r s i t e l e r i n   t e r c i h e n   M ü h e n d i s l i k   b ö l ü m ü n l e r i n d e n   m e z u n ,   S a t ı ş   a l a n ı n d a   t e c r ü b e l i ,   y ü k s e k   i l e t i ş i m   b e c e r i s i n e   s a h i p ,   h e d e f   v e   s o n u ç   o d a k l ı   ç a l ı ş a n ,   T e r c i h e n   i y i   d e r e c e d e   İ n g i l i z c e   b i l e n ,   A k t i f   o l a r a k   a r a ç   k u l l a n a b i l e n ,   M o t i v a s y o n u   y ü k s e k ,   t a k ı m   ç a l ı ş m a s ı n a   u y u m l u   v e   ö ğ r e n m e y e   a ç ı k ,   İ z m i r ’ d e   i k a m e t   e d e n   v e y a   e d e b i l e c e k   o l a n"
13,"Ü n i v e r s i t e l e r i n   M ü h e n d i s l i k   b ö l ü m l e r i n d e n   m e z u n ,   A n a l i t i k   d ü ş ü n e b i l e n ,   i l e t i ş i m   b e c e r i s i   y ü k s e k ,   P r o b l e m   ç ö z m e   b e c e r i l e r i   g e l i ş m i ş ,   s o n u ç   o d a k l ı ,   T e r c i h e n   i y i   d e r e c e d e   İ n g i l i z c e   b i l e n ,   İ y i   d e r e c e d e   O f i s   p r o g r a m l a r ı n ı   k u l l a n a b i l e n"
14,"Ü n i v e r s i t e l e r i n   B i l g i s a y a r ,   E l e k t r i k - E l e k t r o n i k ,   T e l e k o m ü n i k a s y o n   v b .   m ü h e n d i s l i k   b ö l ü m l e r i n d e n   m e z u n ,   C + +   i l e   O b j e c t   O r i e n t e d   p r o g r a m l a m a   k o n u s u n d a   t e c r ü b e l i ,   Q t   f r a m e w o r k   h a k k ı n d a   b i l g i   s a h i b i ,   M o d e l l e m e   v e   s i m ü l a s y o n   a l a n l a r ı n a   i l g i l i ,   M u l t i - t h r e a d e d   y a z ı l ı m   m i m a r i l e r i   h a k k ı n d a   b i l g i   s a h i b i ,   H a b e r l e ş m e   p r o t o k o l l e r i   k o n u l a r ı n d a   b i l g i l i ,   L i n u x   i ş l e t i m   s i s t e m l e r i   h a k k ı n d a   t e c r ü b e l i ,   C r o s s - p l a t f o r m   y a z ı l ı m   g e l i ş t i r m e y e   i s t e k l i ,   İ y i   s e v i y e d e   İ n g i l i z c e   b i l e n ,   T a k ı m   ç a l ı ş m a s ı n a   y a t k ı n   v e   g i r i ş k e n"
15,"T e c r ü b e l i   v e y a   t e c r ü b e s i z ,   K o c a e l i d e   i k a m e t   e d e n ,   T e r c i h e n   M Y O   h e r h a n g i   b ö l ü m ü n d e n   m e z u n ,   y i r m i - k ı r k   y a ş l a r ı   a r a s ı n d a ,   b a y a n"
16,"  E n   a z   l i s e ,   t e r c i h e n   M Y O   v e y a   Ü n i v e r s i t e   m e z u n u ,   B a ş l a n g ı ç   d ü z e y d e   İ n g i l i z c e   i l e t i ş i m   b e c e r i s i n e   s a h i p ,   B i l g i s a y a r   b i l g i s i n e   s a h i p ,   M S   O f f i c e   u y g u l a m a l a r ı n a   h a k i m ,   İ l e t i ş i m   b e c e r i l e r i   g ü ç l ü ,   D i k s i y o n u   i y i ,   d ı ş   g ö r ü n ü m ü n e   ö z e n   g ö s t e r e n ,   d i n a m i k ,   m o t i v a s y o n u   y ü k s e k   v e   g ü l e r y ü z l ü ,   İ n s a n   i l i ş k i l e r i   k u v v e t l i ,   k o n u k s e v e r ,   m i s a f i r   m e m n u n i y e t i   o d a k l ı ,   b a y a n  "
17,"H a d ı m k ö y   A r n a v u t k ö y   b ö l g e s i n d e   i k a m e t   e d e n   ,   e k i p   ç a l ı ş m a s ı n a   u y g u n ,   p r e n z e n t a b l   o n   s e k i z - k ı r k   y a ş   a r a l ı ğ ı n d a   o f i s   d ü z e n i n i   v e   t e m i z l i ğ i n i   s a ğ l a y a c a k   ,   g ü l e r   y ü z l ü"
18,"T e r c i h e n   K a d ı k ö y   v e y a   y a k ı n   b ö l g e d e   i k a m e t   e d e n ,   M i n i m u m   i k i   y ı l   i ş   t e c r ü b e s i n e   s a h i p ,   O f f i c e   p r o g r a m l a r ı n a   h a k i m   v e   a k t i f   k u l l a n a b i l e n ,   S o r u m l u l u k   b i l i n c i   y ü k s e k ,   t a k i p ç i   v e   i ş   t e m p o s u n a   u y u m   s a ğ l a y a b i l e n ,   S ö z l ü   v e   y a z ı l ı   i l e t i ş i m   y e t e n e ğ i   k u v v e t l i ,   D i k s i y o n u   d ü z g ü n ,   g ü l e r   y ü z l ü ,   a k ı c ı   v e   a n l a ş ı l ı r   k o n u ş a n ,   E n   a z   ö n   l i s a n s   v e   ü z e r i   m e z u n i y e t   d u r u m u n a   s a h i p"
19,"G ü l e r   y ü z l ü ,   i l e t i ş i m i   k u v v e t l i ,   e k i p   ç a l ı ş m a s ı n a   y a t k ı n ,   D ı ş   g ö r ü n ü m ü n e   v e   k i ş i s e l   b a k ı m ı n a   ö z e n   g ö s t e r e n ,   H a s t a   v e   h a s t a   y a k ı n l a r ı   i l e   e t k i l i   i l e t i ş i m   k u r a b i l m e   b e c e r i s i n e   s a h i p ,   k a d ı n"
20,"K i ş i s e l   b a k ı m   v e   h i j y e n i n e   ö n e m   v e r e n ,   a h l a k i   d e ğ e r l e r   v e   i ş   d i s i p l i n i n e   s a h i p   A   v e   B   s h i f t l e r i n n e   ç a l ı ş a b i l e c e k   İ n g i l i z c e   d i l i n e   v e   o t e l   p r o g r a m l a r ı n a   h a k i m ,   T C   v a t a n d a ş ı  "
21,"T u r i z m   v e   O t e l c i l i k   e ğ i t i m i   v e r e n   Ü n i v e r s i t e   v e y a   M e s l e k   Y ü k s e k   O k u l u   y a   d a   T u r i z m   M e s l e k   L i s e s i   m e z u n u ,   İ y i   d e r e c e d e   İ n g i l i z c e   b i l e n ,   B e n z e r   p o z i s y o n d a   e n   a z   i k i   y ı l   t e c r ü b e   s a h i b i ,   M s   o f f i c e   u y g u l a m a l a r ı n a   h a k i m ,   O t e l c i l i k   p r o g r a m l a r ı n ı   k u l l a n a b i l e n ,   E k i p   ç a l ı ş m a s ı n a   y a t k ı n ,   G ü l e r   y ü z l ü ,   p o z i t i f ,   d ı ş   g ö r ü n ü m ü n e   ö z e n   g ö s t e r e n ,   İ n s a n   i l i ş k i l e r i n d e   b a ş a r ı l ı ,   i l e t i ş i m   v e   p r o b l e m   ç ö z m e   b e c e r i s i   y ü k s e k ,   A s k e r l i k   h i z m e t i n i   t a m a m l a m ı ş"
22,"B i z i m l e   ç a l ı ş a c a k ,   s e k r e t e r y a d a n   s o r u m l u   o l a c a k   s a t ı ş   v e   t e k l i f   r a p o r l a r ı n ı   g ü n   s o n u   h a z ı r l a y a c a k   v e   ç a y   k a h v e   s e r v i s i   y a p a c a k ,   b a y a n"
23,"T e r c i h e n   b i l i ş i m   s e k t ö r ü n d e   ç a l ı ş m ı ş ,   B a y a n ,   D ı ş   g ö r ü n ü ş ü n e   ö z e n   g ö s t e r e n ,   D i k s i y o n u   d ü z g ü n   v e   g ü l e r   y ü z l ü ,   E k i p   ç a l ı ş m a s ı n a   u y u m l u , 
 H e d e f i   o l a n ,   k a r i y e r   d ü ş ü n e n ,   T e r c i h e n   Y a b a n c ı   D i l   b i l e n ,   O f f i c e   P r o g r a m l a r ı n a   H a k i m ,   Ü n i v e r s i t e   H a l k l a   İ l i ş k i l e r   v e y a   B e n z e r   B ö l ü m l e r d e n   M e z u n"
24,"K a l i t e l i   b a k ı m   v e   e ğ i t i m e   d a i r   n e t   b i r   a n l a y ı ş a   s a h i p   o l m a k   v e   ç o c u k   g e l i ş i m i   h a k k ı n d a   k a p s a m l ı   b i r   b i l g i y e   s a h i p   o l m a k ,   T e r c i h e n   m i n .   ü ç   i l a   d ö r t   y a ş   a r a s ı   ç o c u k l a r l a   i k i   y ı l l ı k   ö ğ r e t m e n l i k   d e n e y i m i ,   K a d ı n ,   E n e r j i k ,   y a r a t ı c ı   v e   y ü k s e k   m o t i v a s y o n l u ,   D i n a m i k   v e   e ğ l e n c e l i   b i r   e ğ i t i m   o r t a m ı n d a   ç a l ı ş m a y a   i s t e k l i ,   K i ş i s e l   v e   m e s l e k i   b ü t ü n l ü k   v e   g i z l i l i k   g ö s t e r m e k ,   T ü r k ç e y i   a n l a m a k   v e   k o n u ş m a k  "
25,"Ö n d e   g e l e n   ü n i v e r s i t e l e r i n   İ n ş a a t   M ü h e n d i s l i ğ i   b ö l ü m ü n d e n   m e z u n ,   İ y i   d e r e c e d e   İ n g i l i z c e   d i l   b i l g i s i n e   s a h i p ,   B   s ı n ı f ı   s ü r ü c ü   e h l i y e t i n e   s a h i p ,   E r k e k   a d a y l a r   i ç i n   a s k e r l i k   h i z m e t i n i   t a m a m l a m ı ş ,   S e y a h a t   e n g e l i   b u l u n m a y a n ,   İ y i   s e v i y e d e   e t k i n   y a z m a   v e   o k u m a   y e t i s i n e   s a h i p ,   A u t o C a d ,   E t a p s   v b .   m e s l e k i   p r o g r a m l a r ı   v e   E x c e l ,   W o r d   g i b i   M S   O f i s   p r o g r a m l a r ı n ı   k u l l a n a b i l e n ,   E k i p   i ç e r i s i n d e ,   s a h a ,   ş a n t i y e   v e   o f i s   o r t a m ı n d a   ç a l ı ş m a y a   u y g u n ,   Ö ğ r e n m e y e   a ç ı k   v e   i y i l e ş t i r m e   g a y r e t l e r i n e   o l u m l u   y a k l a ş a n ,   ü r e t k e n ,   i ş   y a p m a y a   v e   s o r u m l u l u k   ü s t l e n m e y e   h e v e s l i ,   ü s t l e n d i ğ i   i ş i   k e n d i   b a ş ı n a   s ü r ü k l e y e b i l e c e k ,   i ç   m o t i v a s y o n u   y ü k s e k ,   m e s l e k i   p a y l a ş ı m a   v e   i ş b i r l i ğ i n e   a ç ı k   k i ş i l i k   ö z e l l i k l e r i n d e   o l m a k ,   T e r c i h e n   ü ç - b e ş   y ı l l ı k   b i r   d e n e y i m e   s a h i p ,   T e r c i h e n   i k i - ü ç   y ı l   e n d ü s t r i y e l   t e s i s   t e c r ü b e s i n e   s a h i p ,   T e r c i h e n   s e k t ö r ü   b i l e n ,   b i r   e n d ü s t r i y e l   t e s i s   y a p ı m   i ş i n d e   g ö r e v   a l m ı ş"
26,"S o ğ u k   h a v a   d e p o s u   t e s i s l e r i n d e   t e c r ü b e l i ,   B a n d ı r m a d a   i k a m e t   e d e n   v e y a   e d e b i l e c e k   o l a n ,   E n d ü s t r i y e l   t e s i s l e r d e   g ö r e v   a l m ı ş ,   E n   a z   1 0   y ı l   t e c r ü b e l i ,   Ü n i v e r s i t e   m e z u n u ,   S t a t i k   h e s a p   y a p a b i l e c e k ,   P r o j e   o k u y a b i l e n ,   i y i l e ş t i r m e   v e   ö n e r i   s u n a b i l e c e k"
27,"D ı ş   t i c a r e t   o p e r a s y o n u n d a   b i l g i   s a h i b i ,   p a z a r l a m a   s a t ı ş   p e r s o n e l i ,   e r k e k ,   Ü n i v e r s i t e   m e z u n u ,   A s k e r l i k l e   i l i ş i ğ i   k e s i l m i ş ,   A k ı c ı   İ n g i l i z c e   k o n u ş m a   y e t e n e ğ i   o l a n ,   H ı z l ı   d ü ş ü n e n ,   A k t i f   d ı ş   t i c a r e t   p a z a r l a m a s ı n d a   ü ç   y ı l   t e c r ü b e s i   b u l u n a n ,   S t r e s   y ö n e t i m i n d e   b a ş a r ı l ı ,   B a h ç e ş e h i r   c i v a r ı n d a   o t u r a n"
28,"ü n i v e r s i t e l e r i n   m ü h e n d i s l i k   b ö l ü m l e r i n d e n   m e z u n ,   t e k l i f   v e   s a t ı ş   s ü r e ç l e r i n i   t i t i z l i k l e   t a k i p   e d e b i l e n ,   s o r u m l u l u k   s a h i b i ,   d ü z e n l i   ç a l ı ş m a y ı   s e v e n ,   i n s a n   i l i ş k i l e r i   k u v v e t l i ,   m ü ş t e r i   o d a k l ı   d ü ş ü n e b i l e n ,   y u r t   i ç i   s e y a h a t   e n g e l i   b u l u n m a y a n ,   İ s t a n b u l   B a ş a k ş e h i r d e   ç a l ı ş a c a k ,   b a y a n"
29,"P r e z a n t a b l ,   e t k i n   i l e t i ş i m   b e c e r i s i n e   s a h i p ,   g e n ç ,   d i n a m i k   v e   g ü l e r   y ü z l ü ,   v a r d i y a l ı   s i s t e m d e   ç a l ı ş a b i l i r ,   b a y a n"
30,"Ü n i v e r s i t e l e r i n   M ü h e n d i s l i k   b ö l ü m l e r i n d e n   m e z u n ,   S S I S   i l e   E T L   i ş l e r i   g e l i ş t i r m e   k o n u s u n d a   e n   a z   i k i   y ı l   d e n e y i m l i ,   O D I   s e n a r y o l a r ı n d a   f t p   v e   m a i l   g ö n d e r i m   v b .   b i l e ş e n l e r i   k u l l a n m ı ş ,   k n o w l e d g e   m o d ü l l e r   k o n u s u n d a   b i l g i   s a h i b i , 
 İ y i   d e r e c e d e   M S S Q L   b i l g i s i n e   s a h i p ,   A y r ı c a   N o S Q L   t a r a f ı n d a   d a   t e c r ü b e   e d i n m i ş ,   p e r f o r m a n s   i y i l e ş t i r m e   ç a l ı ş m a l a r ı n d a   b u l u n m u ş ,   T e r c i h e n   F l i n k ,   S p a r k   v e   K a f k a   g i b i   a ç ı k   k a y n a k   v e r i   t e k n o l o j i l e r i   v e   B u l u t   t a b a n l ı   v e r i   a m b a r l a r ı   ö z e l l i k l e   R e d s h i f t ,   B i g Q u e r y   v e y a   S n o w f l a k e ,   A p a c h e   A i r f l o w ,   A r g o   W o r k f l o w   g i b i   o r k e s t r a s y o n ,   A W S   v e   A t h e n a ,   G l u e ,   L a m b d a   v e   H u d i ,   I c e b e r g ,   D e l t a   L a k e   g i b i   d a t a   l a k e   t a b l o   f o r m a t l a r ı   k o n u s u n d a   d e n e y i m l i ,   Ö ğ r e n m e y e   a ç ı k ,   a l a n ı n d a k i   g e l i ş m e l e r i   t a k i p   e d e n ,   t a k ı m   ç a l ı ş m a s ı n a   y a t k ı n ,   ç e v i k   m e t o d o l o j i l e r   k o n u s u n d a   b i l g i   s a h i b i ,   a n a l i z   y e t e n e ğ i   y ü k s e k ,   v e r i y i   a n l a m l a n d ı r m a   k o n u s u n d a   y e t k i n ,   L i t e r a t ü r ü   t a k i p   e d e c e k   v e   p r o b l e m   ç ö z ü m ü   d e s t e k   ç a l ı ş m a l a r ı n d a   ü r e t i c i l e r i n   y u r t d ı ş ı   k a y n a k l a r ı   i l e   İ l e t i ş i m   k u r a b i l e c e k   d ü z e y d e   İ n g i l i z c e   b i l e n"
31,"V e r i l e n   g ö r e v l e n d i r m e l e r e   ö z e n   g ö s t e r m e s i   v e   s a h a   ç a l ı ş m a s ı n ı   b u n a   g ö r e   p r o g r a m l a m a s ı ,   Y a p ı l a n   ö l ç ü m ,   k o n t r o l   v e   m u a y e n e l e r i   r a p o r l a y a b i l m e s i ,   Ş e h i r d ı ş ı   s e y a h a t   e n g e l i   o l m a m a s ı ,   S ı k   s e y a h a t   e d i l m e s i   g e r e k e n   d ö n e m s e l   ç a l ı ş m a l a r a   u y u m   s a ğ l a y a b i l m e s i ,   Ş e h i r i ç i   v e   ş e h i r l e r a r a s ı   a r a ç   k u l l a n a b i l m e s i ,   B   s ı n ı f ı   e h l i y e t   s a h i b i ,   M S   O f f i c e   p r o g r a m l a r ı n ı   e t k i n   o l a r a k   k u l l a n a b i l m e s i ,   R a p o r l a m a   v e   a r ş i v l e m e   k o n u s u n d a   t i t i z   o l a r a k   ç a l ı ş a b i l m e s i ,   M e s a i   s a a t l e r i ,   f o r m   d o l d u r m a   v e   k a l i t e   s i s t e m i   g i b i   k o n u l a r d a   t i t i z   o l a n ,   k a l i t e   y ö n e t i m   s i s t e m l e r i   k o n u s u n d a   b i l g i   s a h i b i   o l m a s ı ,   A k r e d i t e   b i r   f i r m a d a   ç a l ı ş m a n ı n   s o r u m l u l u ğ u n d a   o l a b i l m e s i ,   İ ş   s a ğ l ı ğ ı   v e   g ü v e n l i ğ i   m e v z u a t ı n a   u y g u n   ç a l ı ş a b i l m e s i ,   F i r m a n ı n   k a l i t e l i   h i z m e t   g e l e n e ğ i n e   b a ğ l ı l ı ğ ı   g ö s t e r e b i l m e s i ,   T a k ı m   ç a l ı ş m a s ı n a   y a t k ı n   o l m a s ı ,   İ y i   i l e t i ş i m   k u r a b i l m e s i ,   Ö ğ r e n m e y e   a ç ı k   o l m a s ı ,   Ç a l ı ş m a   p r o g r a m ı n ı n   y o ğ u n l u ğ u n a   b a ğ l ı   o l a r a k ,   m e s a i   s a a t l e r i   d ı ş ı n d a   v e   h a f t a s o n l a r ı   ç a l ı ş m a y a   u y u m   s a ğ l a m a s ı ,   M e k a n i k   k o n t r o l l e r   i ç i n   b a ş v u r a c a k   u z m a n l a r ı n   t e r c i h e n   M a k i n e   M ü h e n d i s l e r i   O d a s ı ' n d a n   y a   d a   T S E ' d e   i l g i l i   e ğ i t i m   b e l g e l e r i n e   s a h i p   o l m a s ı"
32,"D i k s i y o n u   d ü z g ü n ,   d ı ş   g ö r ü n ü ş ü n e   ö z e n   g ö s t e r e n ,   e k i p   ç a l ı ş m a s ı n a   y a t k ı n ,   e s n e k   ç a l ı ş m a   s a a t l e r i n e   u y g u n ,   İ n g i l i z c e   b i l e n"
33,"T e r c i h e n   A ğ ı z   v e   D i ş   S a ğ l ı ğ ı   T e k n i k e r l i ğ i   b ö l ü m l e r i n d e n   m e z u n ,   a l a n ı n d a   e n   a z   b i r   y ı l   t e c r ü b e   s a h i b i ,   h a s t a   v e   h a s t a   y a k ı n ı   i l e t i ş i m i   k u v v e t l i ,   k i ş i s e l   h i j y e n   t e d b i r l e r i n e   u y u m   g ö s t e r e b i l e c e k ,   d ı ş   g ö r ü n ü ş ü n e   ö z e n   g ö s t e r e n ,   p r o b l e m   ç ö z m e   v e   a l t e r n a t i f   ç ö z ü m   y o l l a r ı   ü r e t m e   y e t e n e ğ i n e   s a h i p ,   e k i p   ç a l ı ş m a s ı n a   y a t k ı n ,   h a s t a   t a k i b i   y a p ı p ,   r a n d e v u l a r ı   d ü z e n l e y e b i l e c e k ,   s t e r i l i z a s y o n a   ö z e n   g ö s t e r e c e k ,   e k i p m a n   v e   c i h a z l a r ı   h e r   a n   k u l l a n ı m a   h a z ı r   t u t a c a k ,   d e t a y l a r a   ö n e m   v e r i p ,   h i ç b i r   d e t a y ı   a t l a m a y a c a k ,   g ü l e r   y ü z l ü   o l u p ,   h a s t a l a r ı   t e s k i n   e d e c e k"
34,"İ ş l e t m e ,   R e k l a m c ı l ı k ,   P a z a r l a m a ,   M ü h e n d i s l i k   v e y a   d i ğ e r   i l g i l i   a l a n l a r d a   L i s a n s   D e r e c e s i ,   ü ç   v e   ü z e r i   y ı l l ı k   h e s a p   y ö n e t i m i   v e y a   m a r k a   y ö n e t i m i   d e n e y i m i ,   İ ş i   v e   s a t ı ş   m i s y o n u n u   v e   r o l l e r i n i   i y i   a n l a m a k ,   B ü y ü k   h e s a p l a r ı   y ö n e t m e d e   g ü ç l ü   b a ş a r ı   s i c i l i ,   I n f l u e n c e r   p a z a r l a m a ,   s o s y a l   m e d y a ,   m e d y a   p l a n l a m a   v e y a   b i r   F M C G   ş i r k e t i n d e   d e n e y i m   t e r c i h   s e b e b i d i r ,   E t k i l e y i c i   p a z a r l a m a   e k o s i s t e m i   v e   m e t r i k l e r i   h a k k ı n d a   g ü ç l ü   b i r   a n l a y ı ş ,   M ü k e m m e l   p r o j e   y ö n e t i m i   v e   m ü ş t e r i   y ö n e t i m i ,   b e c e r i l e r i n e   s a h i p   s t r a t e j i k   d ü ş ü n ü r ,   T ü m   k a r a r   v e r m e   d ü z e y l e r i n d e   g e n i ş   b i r   i n s a n   y e l p a z e s i y l e   b a ş a r ı l ı   p r o j e l e r   y ü r ü t m e   b e c e r i s i ,   G ü ç l ü   i ş   y a r g ı s ı ,   b a ş k a l a r ı n ı   e t k i l e m e k   i ç i n   k a n ı t l a n m ı ş   y e t e n e k ,   B i r   s o s y a l   m e d y a   a j a n s ı ,   m e d y a   p l a n l a m a   a j a n s ı   v e y a   b i r   F M C G   ş i r k e t i n d e   d e n e y i m   t e r c i h   s e b e b i d i r ,   g ü ç l ü   a n a l i t i k   b e c e r i l e r ,   G ü ç l ü   m ü z a k e r e   b e c e r i l e r i ,   h a r i k a   i l e t i ş i m c i ,   y a r a t ı c ı   z i h i n ,   t a k ı m   o y u n c u s u ,   D i s i p l i n l i ,   k a p s a y ı c ı ,   s a y g ı l ı ,   o l u m l u   t u t u m ,   ç ö z ü m   o d a k l ı ,   M ü k e m m e l   i l e t i ş i m   b e c e r i l e r i ,   T a m   M e s l e k i   Y e t e r l i l i k"
35,"E l e k t r i k ,   M a k i n e   v e y a   E n d ü s t r i   M ü h e n d i s l i ğ i   l i s a n s   d e r e c e s i ,   F r a n s ı z c a   v e y a   İ n g i l i z c e   s ö z l ü   v e   y a z ı l ı   a k ı c ı l ı k ,   E n   a z   i k i   y ı l   p r o j e   y ö n e t i m i ,   s ö z l e ş m e   y ö n e t i m i   v e y a   e n e r j i ,   j e n e r a t ö r ,   t e r c i h e n   t r a f o   a l a n ı n d a   i ş   g e l i ş t i r m e   d e n e y i m i ,   G ü ç l ü   s ö z l ü   v e   y a z ı l ı   i l e t i ş i m   b e c e r i l e r i   v e   g ü ç l ü   k i ş i l e r a r a s ı   v e   l i d e r l i k   b e c e r i l e r i ,   A y n ı   a n d a   b i r k a ç   p r o j e y i   k o o r d i n e   e t m e   y e t e n e ğ i ,   P r o b l e m l e r i   a n a l i z   e t m e   v e   ç ö z m e   y e t e n e ğ i n i n   g ö s t e r i l m e s i"
36,"Ü n i v e r s i t e l e r i n   t e r c i h e n   İ k t i s a t ,   İ ş l e t m e ,   M a l i y e   v b .   b ö l ü m l e r i n d e n   m e z u n ,   G e n e l   m u h a s e b e   v e   b o r d r o   u y g u l a m a l a r ı n d a   e n   a z   ü ç   y ı l   d e n e y i m l i ,   M i c r o s o f t   O f f i c e   p r o g r a m l a r ı n ı   i y i   d ü z e y d e   k u l l a n a b i l e n ,   T e k   d ü z e n   m u h a s e b e   h e s a p   p l a n ı   v e   v e r g i   u y g u l a m a l a r ı   k o n u s u n a   h a k i m ,   V e r g i   m e v z u a t ı n a   h a k i m ,   B   s ı n ı f ı   s ü r ü c ü   b e l g e s i n e   s a h i p ,   İ l e t i ş i m   b e c e r i l e r i   g ü ç l ü ,   ç ö z ü m   o d a k l ı   v e   e k i p   ç a l ı ş m a s ı n a   y a t k ı n"
37,"Ü n i v e r s i t e l e r i n   i l g i l i   b ö l ü m l e r i n d e n   m e z u n ,   İ l e r i   d ü z e y d e   İ n g i l i z c e ,   G o o g l e   A d s ,   A n a l y t i c s ,   L i n k e d i n   h e s a p l a r ı n ı   y ö n e t m i ş   v e   h e s a p   y ö n e t i m i   k o n u s u n d a   e n   a z   i k i - ü ç   y ı l   d e n e y i m e   s a h i p ,   S E O   b i l g i s i n e   s a h i p ,   D i j i t a l   p a z a r l a m a   a r a ç l a r ı   v e   k a n a l l a r ı   h a k k ı n d a   b i l g i   s a h i b i ,   M S   O f f i c e   u y g u l a m a l a r ı n ı   a k t i f   o l a r a k   k u l l a n a b i l e n ,   İ s t a n b u l   A n a d o l u   Y a k a s ı ' n d a   i k a m e t   e d e n   v e y a   e d e b i l e c e k   o l a n"
38,"Ü n i v e r s i t e l e r i n   i l g i l i   b ö l ü m l e r i n d e n   m e z u n ,   İ y i   d e r e c e d e   İ n g i l i z c e   b i l e n   v e   a k t i f   o l a r a k   k u l l a n a b i l e n ,   K a r a y o l u   s a t ı ş   t e c r ü b e s i n e   s a h i p ,   M i n i m u m   b i r   y ı l   i l g i l i   a l a n l a r d a   s a t ı ş   v e   p o r t f ö y   y ö n e t i m i   t e c r ü b e s i n e   s a h i p ,   O p e r a s y o n   s ü r e ç l e r i n i n   y a n ı   s ı r a   S a t ı ş   o d a k l ı   ç a l ı ş a b i l e c e k ,   İ l e t i ş i m i   k u v v e t l i ,   d e ğ i ş i m e   v e   g e l i ş i m e   a ç ı k ,   A n a l i t i k   d ü ş ü n m e   v e   h ı z l ı   k a r a r   v e r m e   y e t e n e ğ i n e   s a h i p ,   T a k ı m   ç a l ı ş m a s ı   v e   y o ğ u n   i ş   t e m p o s u n a   y a t k ı n ,   T e m s i l   y e t e n e ğ i   k u v v e t l i ,   M S   O f f i c e   u y g u l a m a l a r ı n a   h a k i m ,   E r k e k   a d a y l a r   i ç i n   a s k e r l i k   g ö r e v i   t a m a m l a n m ı ş"
39,"T e r c i h e n   M ü h e n d i s l i k   a l a n ı n d a   l i s a n s   d e r e c e s i ,   D e n i z   p a z a r ı n d a   k a n ı t l a n m ı ş   s a t ı ş   b e c e r i l e r i ,   t e r c i h   e d i l e n   e n   a z   b e ş   y ı l l ı k   d e n e y i m ,   Ç o k   i y i   d e r e c e d e   s ö z l ü   v e   y a z ı l ı   İ n g i l i z c e   b i l g i s i ,   H e s a p   y ö n e t i m i   b e c e r i l e r i ,   İ y i   b i r   M S   O f f i c e   k o m u t u   i l e   b i l g i s a y a r   b e c e r i l e r i"
40,"A n a   d i l i   İ n g i l i z c e   o l a n   v e   ç o k   d i l l i ,   T ü r k   V a t a n d a ş l ı ğ ı ,   S a t ı ş   v e   p a z a r l a m a   k o n u s u n d a   d e n e y i m l i   v e   i l g i l i ,   T e r c i h e n   b i r   s a ğ l ı k   t u r i z m i   a c e n t e s i n d e   e n   a z   i k i   y ı l   ç a l ı ş m ı ş ,   H a s t a   v e   h e d e f   o d a k l ı ,   e k i p   ç a l ı ş m a s ı n a   y a t k ı n ,   V e r i l e n   t ü m   g ö r e v l e r i   i ç i n d e   b u l u n a r a k   t a m a m l a y a b i l e n   Y ö n e t i c i   i l e   s ü r e k l i   i l e t i ş i m   h a l i n d e ,   O n l i n e   v e   u z a k t a n   ç a l ı ş a b i l e n ,   İ l e t i ş i m   b e c e r i l e r i   k u v v e t l i ,   t e l e f o n d a   i f a d e   v e   i k n a   k a b i l i y e t i   k u v v e t l i ,   S a ğ l ı k   t u r i z m i   a l a n ı n d a   k e n d i n i   g e l i ş t i r e b i l e c e k ,   T e l e f o n l a   k e s i n t i s i z   h a s t a   i l e t i ş i m i   s a ğ l a y a b i l e c e k ,   y ü z y ü z e   v e   ç e v r i m i ç i"
41,"Ü n i v e r s i t e l e r i n   d ö r t   y ı l l ı k   b ö l ü m l e r i n d e n   v e y a   i k i   y ı l l ı k   y ü k s e k   o k u l l a r ı n   S i g o r t a c ı l ı k ,   B a n k a c ı l ı k   i l e   i l g i l i   b ö l ü m l e r i n d e n   m e z u n ,   T e r c i h e n   S e g e m   v e   B i r e y s e l   E m e k l i l i k   s e r t i f i k a   s a h i b i ,   S i g o r t a c ı l ı k   v e y a   B a n k a c ı l ı k   s e k t ö r ü n d e   e n   a z   b i r   y ı l   s a t ı ş   a l a n ı n d a   t e c r ü b e l i ,   T e m s i l   k a b i l i y e t i n e   s a h i p ,   k e n d i n i   g e l i ş t i r m e y e   v e   ö ğ r e n m e y e   a ç ı k ,   D i n a m i k ,   g i r i ş k e n   v e   b a ş a r ı   o d a k l ı ,   İ l e t i ş i m   y e t e n e ğ i   g e l i ş m i ş ,   t a k ı m   ç a l ı ş m a s ı n a   y a t k ı n ,   M ü ş t e r i   v e   i l i ş k i   y ö n e t i m i n d e   k e n d i n e   g ü v e n e n ,   M S   O f f i c e   p r o g r a m l a r ı n ı   i y i   s e v i y e d e   k u l l a n a b i l e n ,   S e y a h a t   e n g e l i   o l m a y a n ,   E r k e k   a d a y l a r   i ç i n   a s k e r l i k   g ö r e v i n i   t a m a m l a m ı ş"
43,"Ü n i v e r s i t e l e r i n   İ ş l e t m e ,   P a z a r l a m a   v e y a   M ü h e n d i s l i k   b ö l ü m l e r i n d e n   m e z u n ,   S a t ı ş   a l a n ı n d a   k a r i y e r   h e d e f i   o l a n ,   g i r i ş k e n   v e   d ı ş   g ö r ü n ü ş e   ö n e m   v e r e n ,   T e r c i h e n   m a k i n e ,   P l c   v e   o t o m a s y o n   S i s t e m l e r i   i l e   a l a k a l ı   b i l g i   s a h i b i ,   T e r c i h e n   İ n g i l i z c e   b i l e n ,   İ k n a   k a b i l i y e t i   y ü k s e k   s a t ı ş   o d a k l ı ,   S o r g u l a m a   v e   a r a ş t ı r m a   y a p a b i l e n ,   d i k s i y o n u   d ü z g ü n ,   A n a l i t i k   d ü ş ü n m e   y e t i s i n e   s a h i p ,   Ç ö z ü m   o d a k l ı   v e   e k i p   ç a l ı ş m a s ı n a   u y u m l u ,   İ ş   d i s i p l i n i   v e   m o t i v a s y o n u   y ü k s e k ,   B   s ı n ı f ı   e h l i y e t i   o l a n ,   a k t i f   a r a ç   k u l l a n a b i l e n   v e   s e y a h a t   e n g e l i   o l m a y a n ,   o t u z   b e ş   y a ş ı n ı   a ş m a m ı ş ,   E s n e k   ç a l ı ş m a   s a a t l e r i n e   u y u m   s a ğ l a y a b i l e c e k ,   İ ş   t a k i b i   v e   s o n u ç l a n d ı r ı l m a s ı   k o n u s u n d a   b a ş a r ı l ı   v e   s o r u m l u l u k   s a h i b i ,   E r k e k   a d a y l a r   i ç i n   a s k e r l i k   h i z m e t i n i   t a m a m l a m ı ş ,   S a k a r y a ’ d a   i k a m e t   e d e n"
44,"İ l g i l i   a l a n d a   b i r   y ı l d a n   f a z l a   d e n e y i m ,   M ü k e m m e l   k i ş i l e r a r a s ı   b e c e r i l e r l e   b i r l i k t e   b a ğ ı m s ı z   ç a l ı ş m a   y e t e n e ğ i ,   S a t ı ş ,   m ü z a k e r e   v e   i l e t i ş i m   b e c e r i l e r i   g ü ç l ü ,   M i c r o s o f t   o f i s i   v e   s a t ı ş   a r a ç l a r ı n a   a ş i n a ,   İ n g i l i z c e  "
45,"A l ü m i n y u m   s e k t ö r ü n d e   d a h a   ö n c e   ç a l ı ş m ı ş ,   D a h a   ö n c e   ş i r k e t l e r i n   s a t ı ş   d e p a r t m a n l a r ı n d a   ç a l ı ş m ı ş   v e   d e n e y i m l i ,   İ y i   d e r e c e d e   O f f i c e   p r o g r a m l a r ı n a   h a k i m ,   E R P   k u l l a n ı m   k o n u s u n d a   d e n e y i m l i ,   Ö z g ü v e n i   y ü k s e k ,   g i r i ş k e n ,   d i k s i y o n u   d ü z g ü n   v e   d ı ş   g ö r ü n ü m ü n e   d i k k a t   e d e n ,   S a t ı ş   v e   s a t ı ş   s o n r a s ı   t ü m   s ü r e ç l e r e   h a k i m   o l a n ,   P r o a k t i f ,   h ı z l ı   a k s i y o n   a l a b i l e n ,   Y u r t i ç i   s e y e h a t   e n g e l i   o l m a y a n ,   S a d e c e   B e y l i k d ü z ü   v e   ç e v r e   i l ç e l e r d e n"
46,"Ü n i v e r s i t e   m e z u n u ,   T e r c i h e n   İ ş l e t m e ,   E l e k t r i k   e l e k t r o n i k ,   T e r c i h e n   k e s i n t i s i z   g ü ç   k a y n a ğ ı   v e y a   E n d ü s t r i y e l   ü r ü n l e r   s e k t ö r ü n d e   t e c r ü b e   s a h i b i ,   S a t ı ş   v e   P a z a r l a m a   k o n u l a r ı n d a   m i n i m u m   b e ş   y ı l   t e c r ü b e s i   b u l u n a n ,   S e y a h a t   e n g e l i   b u l u n m a y a n ,   İ ş   d i s i p l i n i n i   ö n e m s e y e n ,   s o r u m l u l u k   s a h i b i ,   t a k ı m   ç a l ı ş m a s ı n a   y a t k ı n ,   M S   O f f i c e   p r o g r a m l a r ı n a   h â k i m ,   E r k e k   a d a y l a r   i ç i n   a s k e r l i k   g ö r e v i n i   t a m a m l a m ı ş"
47,"Ü n i v e r s i t e l e r i n   i l g i l i   b ö l ü m l e r i n d e n   m e z u n ,   T e r c i h e n   d a h a   ö n c e   b e ş   y ı l d ı z l ı   o t e l l e r d e   d e n e y i m   s a h i b i ,   İ l e r i   d e r e c e d e   İ n g i l i z c e   b i l e n ,   D ı ş   g ö r ü n ü ş ü n e   ö z e n   g ö s t e r e n ,   d i k s i y o n u   d ü z g ü n ,   P r o a k t i f   d ü ş ü n c e   y a p ı s ı n a   s a h i p ,   V a r d i y a l ı   ç a l ı ş a b i l e c e k ,   G ü l e r   y ü z l ü ,   K i ş i s e l   g e l i ş i m i n e   ö z e n   g ö s t e r e n ,   E r k e k   a d a y l a r   i ç i n   a s k e r l i k   h i z m e t i n i   t a m a m l a m ı ş ,   P l a n l a m a   v e   o r g a n i z a s y o n   b e c e r i s i   y ü k s e k ,   Y a z ı l ı   v e   s ö z l ü   i l e t i ş i m   d a h i l   o l m a k   ü z e r e   m ü k e m m e l   m ü ş t e r i   h i z m e t l e r i   b e c e r i s i   s e r g i l e y e n ,   S o r u m l u l u k   v e   d i s i p l i n   s a h i b i , E k i p   ç a l ı ş m a s ı n a   u y u m   s a ğ l a y a n ,   B i r d e n   f a z l a   g ö r e v i   ö n c e l i k l e n d i r m e   v e   y ö n e t m e   y e t e n e ğ i n e   s a h i p"
48,"T e r c i h e n   L i s e ,   y ü k s e k   o k u l   v e y a   ü n i v e r s i t e l e r i n   T u r i z m   v e   O t e l c i l i k   b ö l ü m l e r i n d e n   m e z u n ,   İ n g i l i z c e   b i l e n ,   A y n ı   p o z i s y o n d a   m i n i m u m   b i r   Y ı l   t e c r ü b e l i ,   T e r c i h e n   E l e k t r a   ö n   b ü r o   p r o g r a m ı n ı   k u l l a n a b i l e n ,   Ç ö z ü m   o d a k l ı   y a k l a ş ı m a   s a h i p ,   p r o b l e m   ç ö z m e   k a b i l i y e t i   y ü k s e k ,   G ü l e r   y ü z l ü   ç a l ı ş m a y ı   i l k e   e d i n m i ş ,   E s n e k   ç a l ı ş m a   s a a t l e r i n e   a y a k   u y d u r a b i l e c e k ,   D ı ş   g ö r ü n ü m ü n e   ö n e m   v e r e n"
49,"T e r c i h e n   Ü n i v e r s i t e l e r i n   T u r i z m   O t e l c i l i k   M e s l e k   Y ü k s e k o k u l u   m e z u n u ,   K o n u s u n d a   e n   a z   i k i   y ı l   t e c r ü b e l i ,   İ n g i l i z c e y i   i y i   d e r e c e d e   k u l l a n a b i l e n ,   M S   O f f i c e   p r o g r a m l a r ı n a   h a k i m ,   T e r c i h e n   E l e k t r a W e b   O t e l c i l i k   p r o g r a m ı   b i l e n ,   V a r d i y a l ı   ç a l ı ş a b i l e c e k ,   G ü l e r   y ü z l ü ,   p o z i t i f ,   d ı ş   g ö r ü n ü ş e   v e   k i ş i s e l   ö z   b a k ı m ı n a   ö z e n   g ö s t e r e n ,   İ n s a n   i l i ş k i l e r i n d e   b a ş a r ı l ı ,   i l e t i ş i m   v e   p r o b l e m   ç ö z m e   b e c e r i s i   y ü k s e k"
50,"Ü n i v e r s i t e l e r i n   T u r i z m   O t e l c i l i k   v e y a   i l g i l i   b ö l ü m l e r i n d e n   m e z u n ,   O t e l   r e z e r v a s y o n   b i r i m i n d e   e n   a z   i k i   y ı l   d e n e y i m   s a h i b i ,   İ y i   d e r e c e d e   İ n g i l i z c e   b i l e n ,   T e r c i h e n   S i s t e m   O t e l   v e   M i k r o   Y a z ı l ı m   P r o g r a m ı n ı   b i l e n ,   İ k n a   v e   i l e t i ş i m   k a b i l i y e t i   y ü k s e k ,   M a l t e p e   v e y a   y a k ı n   b ö l g e l e r d e   İ k a m e t   e d e n"
51,"Ü n i v e r s i t e l e r i n   T u r i z m   O t e l c i l i k   b ö l ü m l e r i n d e n   m e z u n ,   B e n z e r   p o z i y o n d a   d e n e y i m i   o l a n ,   V a r d i y a l ı   o l a r a k   ç a l ı ş a b i l e c e k ,   İ n g i l i z c e   b i l e n ,   D i k s i y o n u   d ü z g ü n ,   i l e t i ş i m i   k u v v e t l i , ç ö z ü m   ü r e t e b i l e n ,   T a k ı m   ç a l ı ş m a s ı n a   u y u m l u"
52,"T e r c i h e n   l i s a n s   v e y a   ö n   l i s a n s   m e z u n u ,   P l a n l a m a ,   o r g a n i z a s y o n   v e   k o o r d i n a s y o n   b e c e r i l e r i n e   s a h i p ,   İ l e t i ş i m ,   p r o b l e m   ç ö z m e ,   p l a n l a m a   b e c e r i l e r i   g e l i ş m i ş   v e   e k i p   ç a l ı ş m a s ı n a   y a t k ı n ,   P r e z e n t a b l ,   d i n a m i k ,   s o r u m l u l u k   s a h i b i ,   Ö n   m u h a s e b e   v e   o f i s   y ö n e t i m i   k o n u s u n d a   t e c r ü b e l i ,   D i k s i y o n   y e t e n e ğ i   g e l i ş m i ş ,   İ ş   d i s i p l i n i n e   ö n e m   v e r e n ,   s o r u m l u l u k   s a h i b i ,   i ş   t a k i b i   g ü ç l ü ,   H e r   t ü r l ü   o f i s   s o r u m l u l u ğ u n u   a l a b i l e c e k ,   g ü n l ü k   o f i s   i ş l e r i n i n   y ü r ü t ü p   g e r e k l i   k o o r d i n a s y o n u   s a ğ l a y a c a k ,   İ l g i l i   b i l g i s a y a r   p r o g r a m l a r ı n a   h a k i m ,   İ n s a n   i l i ş k i l e r i   k u v v e t l i"
53,"T u r i z m   v e   o t e l c i l i k   a l a n ı n d a   e ğ i t i m   a l m ı ş ,   R e s e p s i y o n i s t   o l a r a k   e n   a z   i k i   y ı l   d e n e y i m l i ,   İ y i   d e r e c e d e   i n g i l i z c e   b i l g i s i n e   s a h i p   o l a n ,   O p e r a   v e   M c   O f f i c e   p r o g r a m l a r ı n a   h a k i m ,   T e m s i l   v e   i k n a   y e t e n e ğ i   o l a n ,   İ n s a n   i l i ş k i l e r i n d e   b a ş a r ı l ı ,   T a k ı m   ç a l ı ş m a s ı n a   i n a n a n ,   G ü l e r y ü z l ü"
54,"B i r   ö ğ r e t m e n   o l a r a k   k a n ı t l a n m ı ş   d e n e y i m ,   O k u l u n   p o l i t i k a l a r ı n ı   v e   p r o s e d ü r l e r i n i   t a k i p   e t m e   i s t e k l i l i ğ i   i l e   o r t a k   e n   i y i   u y g u l a m a l a r ı   v e   y a s a l   e ğ i t i m   y ö n e r g e l e r i n i   ö ğ r e t m e   k o n u s u n d a   k a p s a m l ı   b i l g i ,   M ü k e m m e l   i l e t i ş i m   v e   k i ş i l e r a r a s ı   b e c e r i l e r ,   İ y i   o r g a n i z e   e d i l m i ş   v e   k a r a r l ı ,   Y a r a t ı c ı   v e   e n e r j i k ,   G ü ç l ü   a h l a k i   d e ğ e r l e r   v e   d i s i p l i n ,   E ğ i t i m   s e r t i f i k a s ı   i l e   ö ğ r e t i m   v e y a   ö z e l   b i r   k o n u d a   d e r e c e"
55,"L i s e   v e y a   ö n l i s a n s   ç o c u k   g e l i ş i m i   v e y a   o k u l   ö n c e s i   m e z u n u ,   i l e t i ş i m   b e c e r i l e r i   k u v v e t l i ,   p r e z e n t a b l ,   g ü l e r y ü z l ü ,   e n r e j i k ,   y a r a t ı c ı   v e   ü r e t i c i   y ö n ü   k u v v e t l i ,   e k i p   ç a l ı ş m a s ı n a   a y a k   u y d u r a b i l e n ,   d e n e y i m l i"
56,"M e s l e k i   y e t e r l i l i ğ e   s a h i p   ,   A l a n   b i l g i s i   g ü ç l ü ,   Ç a l ı ş m a   D i s i p l i n i   o l a n   ,   Ö g r e n c i   İ l e t i ş i m i   G ü ç l ü ,   S o r u   Ç ö z ü m ü n d e   H ı z l ı"
57,"Ü n i v e r s i t e l e r i n   S ı n ı f   Ö ğ r e t m e n l i ğ i   b ö l ü m ü n d e n   m e z u n u ,   S ı n ı f   y ö n e t i m i   b e c e r i s i n e   s a h i p ,   İ l e t i ş i m   g ü c ü   y ü k s e k ,   M e s l e ğ i n i   v e   ç o c u k l a r ı   s e v e n ,   T a k ı m   ç a l ı ş m a s ı n a   y a t k ı n ,   M e b b i s ,   e - o k u l   v b .   p r o g r a m l a r ı   k u l l a n a b i l e n ,   B E P   h a z ı r l a m a y ı   b i l e n ,   E ğ i t i m   v e   b i l i ş i m   t e k n o l o j i l e r i n i   y a k ı n d a n   t a k i p   e d e n ,   S i s t e m l i   v e   d ü z e n l i   ç a l ı ş m a y ı   k e n d i n e   i l k e   e d i n m i ş  "
58,"Ü n i v e r s i t e l e r i n   S ı n ı f   Ö ğ r e t m e n l i ğ i   b ö l ü m ü   m e z u n u ,   P e d a g o j i k   f o r m a s y o n   s e r t i f i k a s ı n a   s a h i p ,   A l a n ı n d a   d e n e y i m   s a h i b i ,   G ü n c e l   m e s l e k i   g e l i ş m e l e r i   t a k i p   e d e n ,   İ l e t i ş i m   v e   t e m s i l   y e t e n e ğ i   g ü ç l ü ,   E k i p   ç a l ı ş m a s ı n a   y a t k ı n ,   E ğ i t i m   T e k n o l o j i l e r i n i   e t k i n   o l a r a k   k u l l a n a b i l e n ,   E r k e k   a d a y l a r d a   a s k e r l i k   y ü k ü m l ü l ü ğ ü   b u l u n m a y a n"
59,"F u l l   t i m e   ç a l ı ş a b i l e c e k ,   T e r c i h e n   i k i n c i   d i l   o l a r a k   I s p a n y o l c a   b i l e n ,   Ü n i v e r s i t e l e r i n   i l g i l i   b ö l ü m ü n d e n   m e z u n ,   C E L T A ,   T E S O L ,   T E F L   v b   s e r t i f i k a l a r a   v e   P e d a g o j i k   f o r m a s y o n a   s a h i p   o l m a k   k a y d ı y l a ,   İ n g i l i z   D i l i   v e   E d e b i y a t ı ,   M ü t e r c i m   T e r c ü m a n l ı k   v b .   l i s a n s   b ö l ü m l e r i n d e n   m e z u n ,   O k u l   ö n c e s i   e ğ i t i m   k u r u m l a r ı n d a   ç a l ı ş m ı ş ,   M S   O f f i c e   p r o g r a m l a r ı n a   h a k i m ,   İ l e t i ş i m i   g ü ç l ü ,   E n e r j i k ,   y a r a t ı c ı ,   g ü l e r y ü z l ü ,   ç o c u k l a r ı   s e v e n ,   T a k ı m   ç a l ı ş m a s ı n a   y a t k ı n ,   y e n i l i k l e r e   a ç ı k ,   K a r i y e r   h e d e f i   o l a n   v e   k e n d i n i   g e l i ş t i r m e y e   a ç ı k ,   D ı ş   g ö r ü n ü ş ü n e   ö z e n   g ö s t e r e n ,   E s n e k   ç a l ı ş m a   s a a t l e r i n e   y a t k ı n ,   İ s t a n b u l   A n a d o l u   y a k a s ı n d a   i k a m e t   e d e n"
60,"Ü n i v e r s i t e l e r i n   T a r i h ,   T a r i h   Ö ğ r e t m e n l i ğ i   b ö l ü m l e r i n d e n   m e z u n ,   p e d a g o j i k   f o r m a s y o n   b e l g e s i n e   s a h i p ,   M i l l i   E ğ i t i m   t a r a f ı n d a n   Ö z e l   Ö ğ r e t i m   K u r u m l a r ı n a   a t a n m a   k r i t e r l e r i n i   t a ş ı y a n ,   A l a n ı n d a   e n   a z   b e ş   y ı l   d e n e y i m e   s a h i p ,   G ü n c e l   s ı n a v   u y g u l a m a l a r ı n a   h a k i m ,   D i s i p l i n l e r a r a s ı   ç a l ı ş m a l a r a   a ç ı k ,   p r o j e   ç a l ı ş m a l a r ı   y ü r ü t m ü ş ,   ü r e t k e n ,   Y e n i l i k l e r e   v e   g e l i ş i m e   a ç ı k ,   v i z y o n   s a h i b i ,   K e n d i   a l a n ı n d a k i   m e s l e k i   g e l i ş m e l e r i   g ü n c e l   o l a r a k   t a k i p   e d e n   v e   a l a n ı n d a   e n   i y i   o l m a y ı   h e d e f l e y e n ,   Ç a ğ d a ş   e ğ i t i m ,   y ö n t e m   v e   t e k n o l o j i l e r i n i   k u l l a n a b i l e n ,   İ l e t i ş i m   b e c e r i s i   k u v v e t l i ,   ö ğ r e n c i   v e   v e l i   i l e t i ş i m i n d e   b a ş a r ı l ı ,   T a k ı m   ç a l ı ş m a s ı n a   y a t k ı n ,   i ş b i r l i k ç i ,   Ö ğ r e t m e n l i k   m e s l e ğ i   i ç i n   h e y e c a n   d u y a n ,   m o t i v a s y o n u   y ü k s e k"
61,"i d e a l i s t ,   e ğ i t i m   t e k n o l o j i l e r i n e   h a k i m ,   t a k ı m   ç a l ı ş m a s ı n a   y a t k ı n ,   Ü n i v e r s i t e l e r i n   S ı n ı f   Ö ğ r e t m e n l i ğ i   b ö l ü m ü n d e n   m e z u n"
62,"Ü n i v e r s i t e l e r i n   l i s a n s   b ö l ü m l e r i n d e n   m e z u n ,   İ y i   d e r e c e d e   y a z ı l ı   v e   s ö z l ü   İ n g i l i z c e   b i l e n ,   Y u r t   i ç i   v e   y u r t   d ı ş ı   u ç a k   b i l e t i   r e z e r v a s y o n ,   s a t ı ş ,   d e ğ i ş i k l i k   v e   i a d e   i ş l e m l e r i n e   h a k i m ,   U ç a k   b i l e t   r e z e r v a s y o n u   v e   s a t ı ş ı   k o n u s u n d a   t e r c i h e n   b i r   y ı l   t e c r ü b e l i ,   T e r c i h e n   A m a d e u s   v e   Q u i c k r e s   r e z e r v a s y o n   s i s t e m i n e   h a k i m ,   M S   O f f i c e   p r o g r a m l a r ı n a   h a k i m , 
 İ l e t i ş i m   b e c e r i l e r i   k u v v e t l i   v e   p r o b l e m   ç ö z m e   y e t e n e ğ i   g ü ç l ü ,   M ü ş t e r i   m e m n u n i y e t i   o d a k l ı ,   D i n a m i k ,   h ı z l ı   v e   a k t i f   b i r   ş e k i l d e   ç a l ı ş a n ,   S a t ı ş   a l a n ı n d a   k a r i y e r   h e d e f l e y e n ,   T a m   z a m a n l ı   v e   e s n e k   ç a l ı ş m a   s a a t l e r i n e   u y u m   s a ğ l a y a b i l e c e k"
63,"H a v a y o l l a r ı   b i l e t   s a t ı ş ı   k o n u s u n d a   e n   a z   ü ç   y ı l   d e n e y i m l i ,   İ n s a n   i l i ş k i l e r i   k u v v e t l i ,   a n a l i t i k   d ü ş ü n c e   y a p ı s ı n a   s a h i p ,   p r o b l e m l e r i   ç ö z m e   o d a k l ı ,   H a r e k e t l i   i ş   t e m p o s u n a   a y a k   u y d u r a b i l e c e k ,   S e y a h a t   i l e   i l g i l i   o r t a y a   ç ı k a n   h e r   t ü r l ü   k o n u y a   h a k i m ,   H a v a y o l u   r e z e r v a s y o n   s i s t e m l e r i   S a b r e   v e   Q u i k r e s ’ i   i y i   d e r e c e d e   k u l l a n a b i l e n ,   M S   O f f i c e   p r o g r a m l a r ı n a   h a k i m ,   T e r c i h e n   İ n g i l i z c e y i   s ö z l ü   v e   y a z ı l ı   o l a r a k   k u l l a n a b i l e n ,   E r k e k   a d a y l a r   i ç i n   a s k e r l i k   g ö r e v i n i   t a m a m l a m ı ş ,   E s n e k   Ç a l ı ş m a   s a a t l e r i n e   u y u m   s a ğ l a y a b i l e c e k"
64,"K u r u m s a l   f i r m a   v e   k u r u l u ş l a r a   y u r t   d ı ş ı   v e   y u r t   i ç i   u ç a k   b i l e t i   h i z m e t   k o n u s u n d a   e n   a z   ü ç   y ı l   d e n e y i m l i ,   A m a d e u s ,   Q u i c k r e s ,   P e g a s u s ,   S u n   E x p r e s s   s i s t e m l e r i n i   ç o k   i y i   d e r e c e d e   k u l l a n a b i l e n ,   Ü n i v e r s i t e   m e z u n u ,   T e r c i h e n   İ n g i l i z c e   b i l e n ,   M S   O f f i c e   p r o g r a m l a r ı n ı   k u l l a n a b i l e n ,   M ü ş t e r i   m e m n u n i y e t i   o d a k l ı   ç a l ı ş a b i l e n ,   s o r u m l u l u k   s a h i b i ,   İ l e t i ş i m   b e c e r i l e r i   g e l i ş m i ş   v e   p r o b l e m   ç ö z m e   y e t e n e ğ i n e   s a h i p ,   T a k ı m   ç a l ı ş m a s ı n a   y a t k ı n ,   V a r d i y a   s i s t e m i n d e   ç a l ı ş a b i l e c e k"
65,"T r o y a   b i l e t l e m e   , i p t a l ,   d e ğ i ş i k l i k   k o n u s u n d a   e n   a z   i k i   y ı l   t e c r ü b e l i ,   P e g a s u s , Q u i c k r e s   v e   S u n   E x p r e s s   s i s t e m l e r i n i   k u l l a n a b i l e n ,   M ü ş t e r i   i l i ş k i l e r i n d e   b a ş a r ı l ı ,   İ ş   t a k i b i   k u v v e t l i ,   F i r m a   k ü l t ü r ü n e   u y a b i l e c e k ,   M ü ş t e r i   o d a k l ı   v e   i l e t i ş i m   y e t e n e ğ i   g ü ç l ü ,   d a k i k ,   g ü v e n l i ,   h a t a s ı z   h i z m e t   s u n a n ,   B i l g i s a y a r   v e   O f f i c e   p r o g r a m l a r ı n ı   k u l l a n a b i l e n ,   A s k e r l i ğ i n i   y ü k ü m l ü l ü ğ ü n ü   y e r i n e   g e t i r m i ş ,   A N T A L Y A   d a   i k a m e t   e d e n ,   Y a b a n c ı   d i l   b i l g i s i n e   s a h i p ,   t e r c i h e n   R u s c a ,   M e s l e k i   I n g i l i z c e   b i l e n"
66,"İ n s a n   i l i ş k i l e r i n d e   b a ş a r ı l ı ,   G ü l e r   y ü z l ü ,   s a y g ı l ı ,   D i k s i y o n u   d ü z g ü n ,   D ı ş   g ö r ü n ü m ü n e   ö n e m   v e r e n ,   K e n d i n e   g ü v e n e n ,   o n   s e k i z - o t u z   b e ş   y a ş   a r a s ı ,   A s k e r l i ğ i n i   y a p m ı ş   v e y a   e n   a z   b i r   y ı l   t e c i l l i ,   S e y a h a t   e n g e l i   o l m a y a n"
67,"Ü n i v e r s i t e l e r i n   d ö r t   y ı l l ı k   E n d ü s t r i   m ü h e n d i s l i ğ i   b ö l ü m ü n d e n   m e z u n ,   E n   a z   ü ç   y ı l   i ş   t e c r ü b e s i n e   s a h i p ,   İ y i   d e r e c e d e   İ n g i l i z c e   v e y a   A l m a n c a   b i l e n ,   A n a l i t i k   d ü ş ü n m e   v e   a n a l i z   y e t e n e ğ i   k u v v e t l i ,   E R P   s i s t e m i   m e t o d o l o j i s i n e   h a k i m ,   M S   O f f i c e   p r o g r a m l a r ı n ı   e t k i n   o l a r a k   k u l l a n a b i l e n ,   E r k e k   a d a y l a r   i ç i n   a s k e r l i k   h i z m e t i n i   t a m a m l a m ı ş   y a   d a   m u a f   o l a n ,   E n   a z   B   s ı n ı f ı   e h l i y e t i   o l a n   v e   a k t i f   a r a ç   k u l l a n a b i l e n ,   Y u r t d ı ş ı   s e y a h a t   e n g e l i   b u l u n m a y a n ,   M e t a l   s e k t ö r ü n d e   ü r e t i m   p r o s e s l e r i n e   h a k i m"
68,"E l e k t r i k   E l e k t r o n i k   v e y a   M e k a t r o n i k   m ü h e n d i s l i ğ i   b ö l ü m l e r i n d e n   m e z u n   o l m a k ,   E r k e k   a d a y l a r   i ç i n   a s k e r l i k   h i z m e t i n i   t a m a m l a m ı ş   v e y a   m u a f   o l m a k ,   A l t a i r   F e k o A l t a i r   W i n P r o p   v e y a   b e n z e r i   y ü k s e k   f r e k a n s l ı   e l e k t r o m a n y e t i k   s i m ü l a s y o n   a r a ç l a r ı n ı n   k u l l a n ı m ı   v e   u y g u l a m a s ı n d a   t e c r ü b e   s a h i b i   o l m a k ,   İ y i   s e v i y e d e   i n g i l i z c e   b i l m e k ,   E k i p   ç a l ı ş m a s ı n a   y a t k ı n   o l m a k ,   A n a l i t i k   d ü ş ü n m e   v e   p r o b l e m   ç ö z m e   y e t e n e ğ i n e   s a h i p   o l m a k ,   K e n d i   k e n d i n e   ö ğ r e n m e   y o l u y l a   u z m a n l ı ğ ı n ı   a r t ı r m a   y e t e n e ğ i n e   s a h i p   o l m a k ,   Y e n i   m ü h e n d i s l i k   b e c e r i l e r i n i   v e   y a z ı l ı m l a r ı n ı   h ı z l ı   v e   b a ğ ı m s ı z   b i r   ş e k i l d e   ö ğ r e n m e   b e c e r i s i n e   s a h i p   o l m a k ,   S e y a h a t   e n g e l i   b u l u n m a m a k ,   B u r s a ' d a   i k a m e t   e d e n   v e y a   e d e b i l e c e k"
69,"Ü n i v e r s i t e l e r i n   m ü h e n d i s l i k   f a k ü l t e l e r i n d e n   m e z u n ,   Ü r e t i m   v e y a   e n d ü s t r i   s e k t ö r l e r i n d e   s a t ı ş   a l a n ı n d a   i k i   y ı l   i ş   t e c r ü b e s i n e   s a h i p ,   T e r c i h e n   S ı h h i   T e s i s a t   v e y a   D o ğ a l g a z   s e k t ö r ü n d e   t e c r ü b e l i ,   Y e n i l i k ç i ,   d i n a m i k   v e   m o t i v a s y o n u   y ü k s e k ,   A n a l i t i k   d ü ş ü n e b i l e n ,   h ı z l ı   v e   s o n u ç   o d a k l ı ,   İ k n a   k a b i l i y e t i   y ü k s e k ,   i l e t i ş i m   b e c e r i s i   k u v v e t l i ,   S a t ı ş   v e   İ n s a n   i l i ş k i l e r i n d e   b a ş a r ı l ı   t e m s i l   y e t e n e ğ i n e   s a h i p ,   M S   O f f i c e   p r o g r a m l a r ı n ı   e t k i n   k u l l a n a b i l e n ,   S e y a h a t   e n g e l i   o l m a y a n ,   B   s ı n ı f ı   S ü r ü c ü   e h l i y e t i   b u l u n a n ,   P l a n l a m a   v e   i ş   t a k i b i   k o n u s u n d a   d i s i p l i n l i ,   M ü ş t e r i   t a l e p   v e   i h t i y a ç l a r ı n ı   a n a l i z   e d i p   m ü ş t e r i l e r e   u y g u n   ç ö z ü m l e r i   k o n u m l a n d ı r m a k ,   d i n a m i z m e   s a h i p ,   İ ş   v e   t a k ı m   a r k a d a ş l a r ı   i l e   t a m   u y u m   i ç i n d e   ç a l ı ş ı p ,   ş i r k e t i n   ü r ü n   v e   h i z m e t l e r i   m ü ş t e r i l e r e   u l a ş t ı r m a s ı n a   k a t k ı   s a ğ l a m a k 
 İ ş   t a k i b i n i   i y i   y a p a b i l e n   v e   s o n u ç   o d a k l ı ,   E n e r j i s i   y ü k s e k   v e   p o z i t i f ,   t a k ı m   ç a l ı ş m a s ı n d a   b a ş a r ı l ı ,   Y a z ı l ı   v e   s ö z l ü   i l e t i ş i m ,   o r g a n i z a s y o n ,   p l a n l a m a ,   t a k i p   v e   r a p o r l a m a   y ö n ü   k u v v e t l i ,   S i s t e m l i   v e   d ü z e n l i   ç a l ı ş m a   p r e n s i b i n e   s a h i p ,   t a k i p ç i   v e   s o n u ç   o d a k l ı ,   E s n e k   ç a l ı ş m a   s a a t l e r i n e   u y u m   s a ğ l a y a b i l e c e k"
70,"B u l u n d u ğ u   p o z i s y o n d a   e n   a z   ü ç   y ı l   b i l g i   v e   d e n e y i m e   s a h i p   o l m a k ,   d ö r t   y ı l l ı k   ü n i v e r s i t e l e r i n   m ü h e n d i s l i k   b ö l ü m ü n d e n   m e z u n   o l m a k ,   E k i p   ç a l ı ş m a s ı n a   y a t k ı n   v e   s o r u m l u l u k   s a h i b i   o l m a k ,   A P Q P   k o n u s u n d a   b i l g i   s a h i b i   o l m a k ,   S t r e s   a l t ı n d a   d i k k a t l i   v e   t i t i z   ç a l ı ş a b i l m e k   v e   d o ğ r u   k a r a r   a l a b i l m e k ,   İ l e r i   d e r e c e d e   İ n g i l i z c e   b i l g i s i"
71,"M a k i n a ,   o t o m o t i v   v e y a   u ç a k   m ü h e n d i s l i ğ i   b ö l ü m l e r i n d e n   m e z u n   o l m a k ,   E n   a z   ü ç   y ı l ,   s o n l u   e l e m a n   a n a l i z i   y a z ı l ı m ı   k u l l a n a r a k   p r o j e l e r   g e r ç e k l e ş t i r m i ş   o l m a k ,   E r k e k   a d a y l a r   i ç i n   a s k e r l i k   h i z m e t i n i   t a m a m l a m ı ş   y a   d a   m u a f   o l m a k ,   İ y i   s e v i y e d e   i n g i l i z c e   b i l m e k ,   Y e n i   m ü h e n d i s l i k   b e c e r i l e r i n i   v e   y a z ı l ı m l a r ı n ı   h ı z l ı   v e   b a ğ ı m s ı z   b i r   ş e k i l d e   ö ğ r e n m e   b e c e r i s i n e   s a h i p   o l m a k ,   E k i p   ç a l ı ş m a s ı n a   v e   a r a ş t ı r m a y a   y a t k ı n   o l m a k ,   B u r s a ' d a   i k a m e t   e d e n   v e y a   e d e b i l e c e k"
72,"Ü n i v e r s i t e l e r i n   M ü h e n d i s l i k   f a k ü l t e l e r i n d e n   m e z u n ,   T e r c i h e n   E l e k t r i k   E l e k t r o n i k   M ü h e n d i s i ,   İ y i   d e r e c e d e   İ n g i l i z c e   b i l e n ,   B   S ı n ı f ı   s ü r ü c ü   b e l g e s i n e   s a h i p   v e   s e y a h a t   e n g e l i   o l m a y a n ,   T e r c i h e n   a k ı l l ı   e v   v e   b i n a   o t o m a s y o n   s i s t e m l e r i   ü z e r i n e   b e n z e r   p o z i s y o n l a r d a   ç a l ı ş m ı ş ,   E r k e k   a d a y l a r   i ç i n   a s k e r l i k   g ö r e v i n i   y a p m ı ş ,   İ y i   d e r e c e d e   A u t o c a d   v e   M i c r o s o f t   O f f i c e   b i l g i s i n e   s a h i p ,   T e m e l   d ü z e y d e   n e t w o r k   v e   a ğ   b i l g i s i n e   s a h i p ,   T e k n o l o j i y e   m e r a k l ı ,   ö ğ r e n m e y e   v e   g e l i ş i m e   a ç ı k"
73,"E n   a z   ü ç   Y ı l   ü z e r i   Ç e v r e   D a n ı ş m a n l ı ğ ı ,   Ç e v r e   İ z n i   V e   R a p o r l a m a   K o n u l a r ı n d a   v e y a   A t ı k s u   A r ı t m a   T e s i s i   İ ş l e t m e   V e   B a k ı m   K o n u s u n d a   T e c r ü b e l i ,   S i n o p   İ l i n d e   i k a m e t   e d e n   v e y a   e d e b i l e c e k   o l a n ,   S e y a h a t   E n g e l i   O l m a y a n ,   A k t i f   A r a ç   K u l l a n a b i l e n ,   K e n d i n i   G e l i ş t i r e n   Ö ğ r e n m e y e   A ç ı k ,   D i s i p l i n l i   Ç a l ı ş a b i l e n ,   S o r u m l u l u k   S a h i b i ,   Ç e v r e   M e v z u a t l a r ı n a   V e   E n t e g r e   Ç e v r e   B i l g i   S i s t e m i n e   H a k i m ,   M i c r o s o f t   O f f i c e   U y g u l a m a l a r ı n a   H a k i m ,   T a k ı m   Ç a l ı ş m a s ı n a   Y a t k ı n ,   İ l e t i ş i m   K a b i l i y e t i   Y ü k s e k ,   A n a l i t i k   D ü ş ü n ü p   Ç ö z ü m   O d a k l ı   Ç a l ı ş a b i l e n ,   İ k n a   K a b i l i y e t i   Y ü k s e k ,   İ n s a n   İ l i ş k i l e r i   G ü ç l ü"
74,"T e m e l   ö n   u ç   k a v r a m l a r ı n a   a ş i n a l ı k ,   G i t   i l e   d e n e y i m ,   g ü v e n l i k   i l k e l e r i   v e   g ü v e n l i   k o d l a m a   k o n u s u n d a   s a ğ l a m   b i r   a n l a y ı ş ,   E R P   s i s t e m l e r i   g e l i ş t i r m e d e   d e n e y i m"
75,"S a h a   d e n e y i m i   o l a n   Z i r a a t   M ü h e n d i s i ,   G ü b r e ,   s a h a   t e k n i k   d e s t e k   v e   s a t ı ş   a l a n ı n d a   e n   a z   b e ş   y ı l   t e c r ü b e l i ,   B   s ı n ı f ı   e h l i y e t e   s a h i p ,   E r k e k   a d a y l a r   i ç i n   a s k e r l i k   g ö r e v i n i   t a m a m l a m ı ş   y a   d a   m u a f ,   S e y a h a t   e n g e l i   o l m a y a n"
76,"Ü n i v e r s i t e l e r i n   E n d ü s t r i   M ü h e n d i s l i ğ i ,   T e k s t i l   M ü h e n d i s l i ğ i   f a k ü l t e l e r i n d e n   m e z u n ,   T e r c i h e n   s ü r e ç   y ö n e t i m i   v e   y a l ı n l a ş m a   k o n u l a r ı n d a   s t a j   t e c r ü b e l i ,   P r o j e   y ö n e t i m i   k o n u s u n d a   i s t e k l i ,   Ö ğ r e n m e y e   i s t e k l i ,   K a l i t e   v e   m ü ş t e r i   o d a k l ı ,   D e t a y l ı   a r a ş t ı r m a   v e   a n a l i z   b e c e r i s i n e   s a h i p ,   E k i p   ç a l ı ş m a s ı n a   y a t k ı n ,   y a z ı l ı   v e   s ö z l ü   i l e t i ş i m   k a b i l i y e t i   y ü k s e k ,   E r k e k   a d a y l a r   i ç i n   a s k e r l i ğ i n i   t a m a m l a m ı ş   y a   d a   i k i   y ı l   t e c i l l i"
77,"T e r c i h e n   Ü n i v e r s i t e l e r i n   M i m a r l ı k ,   İ n ş a a t   M ü h e n d i s l i ğ i ,   H a r i t a   M ü h e n d i s l i ğ i   v e y a   Ş e h i r   v e   B ö l g e   P l a n l a m a   b ö l ü m l e r i n d e n   m e z u n ,   S e r m a y e   P i y a s a s ı   K u r u l u   G a y r i m e n k u l   D e ğ e r l e m e   l i s a n s ı n a   s a h i p ,   T e c r ü b e   ş a r t ı n ı   y ı l   o l a r a k   d o l d u r m u ş   v e   b e ş   y ı l l ı k   T e c r ü b e   B e l g e s i n e   s a h i p ,   M e s l e k i   U z m a n l ı k   S e v i y e s i   Y ü k s e k   o l a n ,   T e r c i h e n   g e l i r   g e t i r e n   m ü l k l e r i n   s a h a   v e   k o n t r o l   ç a l ı ş m a l a r ı n d a   u z m a n l a ş m ı ş ,   S e k t ö r d e   ö n c ü   o l a n   b a n k a l a r ı n   ş a r t n a m e   v e   u y g u l a m a l a r ı n a   h a k i m ,   T ü r k i y e ’ n i n   h e r   b ö l g e s i n d e   t i c a r i   v e   n i t e l i k l i   r a p o r l a r ı n   k o n t r o l ü n ü   s a ğ l a m ı ş ,   Y o ğ u n   i ş   t e m p o s u n a   a d a p t a s y o n   s a ğ l a y a b i l e n ,   İ l e t i ş i m   b e c e r i s i   y ü k s e k ,   K a l i t e   v e   s o n u ç   o d a k l ı ,   E k i p   Ç a l ı ş m a s ı n a   y a t k ı n ,   S t r e s e   D a y a n ı k l ı ,   K o o r d i n a s y o n   b e c e r i s i   y ü k s e k ,   a n a l i t i k   d ü ş ü n c e   v e   a r a ş t ı r m a c ı   y a p ı y a   s a h i p"
78,"İ ş l e t m e ,   E k o n o m i ,   M u h a s e b e   v e y a   i l g i l i   a l a n l a r d a   l i s a n s   v e y a   y ü k s e k   l i s a n s   d e r e c e s i ,   m i n i m u m   ü ç - d ö r t   y ı l   ç a l ı ş m a   d e n e y i m i ,   İ y i   d ü z e y d e   y a z ı l ı   v e   s ö z l ü   İ n g i l i z c e ,   M ü k e m m e l   d ü z e y d e   M S   E x c e l ,   A n a l i t i k   v e   s t r a t e j i k   d ü ş ü n e b i l m e ,   s o r u m l u l u k   a l a b i l m e ,   ö n c e l i k l e r i   b e l i r l e y e b i l m e ,   Ö z e n l i ,   t i t i z   v e   ç ö z ü m   o d a k l ı ,   ı s r a r l ı   v e   ç a l ı ş m a l a r ı n ı   t a k i p   v e   s o n u ç l a n d ı r m a   k o n u s u n d a   i s t e k l i ,   E r k e k   a d a y l a r   i ç i n   a s k e r l i ğ i n i   t a m a m l a m ı ş"
79,"D ö r t   y ı l l ı k   ü n i v e r s i t e   d e r e c e s i ,   K o n t r o l   v e y a   m a l i   d e n e t i m   k o n u s u n d a   e n   a z   b i r   y ı l   d e n e y i m l i ,   İ y i   i l e t i ş i m   v e   m ü z a k e r e   b e c e r i l e r i ,   K e n d i n i   m o t i v e   e d e n ,   p r o a k t i f   v e   e n e r j i k ,   B a ğ ı m s ı z   ö ğ r e n m e   k a p a s i t e s i ,   G ü ç l ü   a n a l i t i k   p r o b l e m   ç ö z m e   b e c e r i l e r i ,   İ n g i l i z c e ' d e   m ü k e m m e l   i l e t i ş i m   b e c e r i l e r i ,   S t r a t e j i k   d ü ş ü n e n ,   i n i s i y a t i f   a l a n"
80,"E k o n o m i ,   F i n a n s   v e y a   M ü h e n d i s l i k   f a k ü l t e l e r i n d e   s a y g ı n   b i r   ü n i v e r s i t e d e n   l i s a n s   d e r e c e s i ,   V a r l ı k   Y ö n e t i m i   v e y a   B a n k a   v e y a   M e n k u l   K ı y m e t   f i r m a l a r ı   e k i p l e r i n d e   i k i   y ı l ı   a ş k ı n   R i s k   v e y a   D e n e t i m   v e y a   İ ç   K o n t r o l   d e n e y i m i ,   R i s k   Y ö n e t i m i   k a v r a m ı   h a k k ı n d a   g e n e l   b i r   a n l a y ı ş ,   F i n a n s a l   a r a ç l a r   h a k k ı n d a   b i l g i ,   S o n   t e s l i m   t a r i h l e r i   i ç i n d e   h ı z l ı   v e   s ı k l ı k l a   y ü k s e k   k a l i t e l i   b e l g e l e r   s u n a n   t i t i z l i k ,   a n a l i z   v e   s e n t e z   k a p a s i t e s i ,   G ü ç l ü   o r g a n i z a s y o n   b e c e r i l e r i ,   d e t a y l a r a   d i k k a t ,   p r o a k t i f   v e   i n i s i y a t i f   k a p a s i t e l e r i ,   g ü v e n i l i r l i k ,   ö z e r k l i k   v e   d i n a m i z m ,   İ l e t i ş i m   b e c e r i l e r i ,   a ç ı k   f i k i r l i l i k   v e   t a k ı m   o y u n c u l u ğ u ,   İ n g i l i z c e   a k ı c ı l ı ğ ı ,   İ y i   d e r e c e d e   O f f i c e   a r a ç l a r ı   b i l g i s i"
81,"T e r c i h e n   E k o n o m i   v e y a   F i n a n s   a l a n ı n d a   B A ,   T e r c i h e n   u l u s l a r a r a s ı   b i r   F M C G   ş i r k e t i n d e   t i c a r e t   v e y a   t e d a r i k   z i n c i r i   v e y a   o p e r a s y o n   o r t a m ı n d a   f i n a n s   a l a n ı n d a   m i n i m u m   y e d i   y ı l l ı k   d e n e y i m ,   M a l i y e t   f i y a t   h e s a p l a m a l a r ı ,   y a t ı r ı m   h e s a p l a m a l a r ı   k o n u s u n d a   d e n e y i m ,   G e l i ş m i ş   E x c e l   v e   P o w e r P o i n t   b e c e r i l e r i ,   S A P   b i l g i s i ,   D o ğ r u ,   e s n e k   d ü ş ü n e b i l e n ,   z a m a n   y ö n e t i m i   b e c e r i l e r i   y ü k s e k ,   a n a l i t i k   b e c e r i l e r i   y ü k s e k ,   T a k ı m   o y u n c u s u ,   u y g u l a m a l ı ,   p r o a k t i f ,   m ü k e m m e l   i l e t i ş i m   b e c e r i l e r i ,   b a ğ ı m s ı z   v e   k e n d i   k e n d i n e   b a ş l a y a b i l e n ,   ö ğ r e n m e y e   v e   d a h a   f a z l a   g e l i ş m e y e   i s t e k l i ,   a c i l i y e t   d u r u m u n d a   i n i s i y a t i f   a l a b i l e n ,   U F R S   v e   y e r e l   G A A P   h a k k ı n d a   g ü n c e l   v e   d e r i n l e m e s i n e   b i l g i ,   İ n g i l i z c e d e   a k ı c ı l ı k"
82,"G ö r s e l   İ l e t i ş i m   T a s a r ı m ı ,   E n d ü s t r i y e l   T a s a r ı m ,   G r a f i k   T a s a r ı m   v e y a   b e n z e r i   p r o g r a m l a r d a n   m e z u n ,   B a ş a r ı l ı   U X   İ n o v a s y o n   l i d e r l i ğ i   d a h i l   o n   y ı l ı   a ş k ı n   p r o f e s y o n e l   d e n e y i m ,   K u l l a n ı c ı   d e n e y i m i ,   k u l l a n ı l a b i l i r l i k ,   ü r ü n   y a ş a m   d ö n g ü s ü   k o n u l a r ı n d a   b i l g i   v e   d e n e y i m ,   F i g m a ,   S k e t c h ,   A d o b e   X D   v e   A d o b e   C r e a t i v e   S t u d i o   g i b i   t a s a r ı m   a r a ç l a r ı y l a   ç a l ı ş m a   b e c e r i s i ,   D e t a y l a r a   d i k k a t   e d e n ,   k o ç l u k   v e   m e n t o r l u k   b e c e r i l e r i n e   s a h i p ,   k u l l a n ı c ı   m e r k e z l i   k a r a r   v e r i c i ,   Ç e v i k   b i r   o r t a m d a   ü r ü n   e k i p l e r i y l e   ç a l ı ş m a   d e n e y i m i ,   M ü k e m m e l   i l e t i ş i m   v e   s u n u m   b e c e r i l e r i ,   D i j i t a l   p a z a r l a m a   v e   m a r k a   m a t e r y a l l e r i   t a s a r ı m ı n a   i l g i   d u y m a ,   l i d e r l i k ,   İ l e r i   i n g i l i z c e"
84,"T e r c i h e n   ü n i v e r s i t e l e r i n   i l g i l i   l i s a n s   b ö l ü m l e r i n d e n   m e z u n ,   E n   a z   b e ş   y ı l   A T L / B T L / D i j i t a l   A j a n s   d e n e y i m i   o l a n ,   S o s y a l   m e d y a   v e   d i g i t a l   m e c r a   u y g u l a m a l a r ı   t a s a r ı m l a r ı n a   h a k i m ,   Y a r a t ı c ı   ç a l ı ş m a l a r ı n   f i k i r   s ü r e ç l e r i n d e   a k t i f   r o l   o y n a y a c a k ,   y a r a t ı c ı ,   P h o t o s h o p ,   I l l u s t r a t o r   v e   İ y i   d e r e c e d e   A f t e r   E f f e c t   b i l e n ,   H ı z l ı   ç ö z ü m   ü r e t e n   v e   u y g u l a m a   y a p a b i l e n ,   Z a m a n l a m a   k o n u s u n d a   ö z e n l i   v e   d i s i p l i n l i ,   İ l e t i ş i m   y e t e n e k l e r i   k u v v e t l i ,   d i s i p l i n l i   v e   d ü z e n l i   ç a l ı ş m a y ı   s e v e n"
85,"F i n a n s ,   İ ş l e t m e   v e y a   i l g i l i   d i ğ e r   b ö l ü m l e r d e   o k u y a n   v e y a   b u   b ö l ü m l e r d e n   y e n i   m e z u n   o l a n   L i s a n s   ö ğ r e n c i l e r i ,   H a f t a d a   e n   a z   d ö r t   g ü n   v e   y a z   a y l a r ı n d a   t a m   z a m a n l ı   ç a l ı ş a b i l e n ,   Y a z ı l ı   v e   s ö z l ü   İ n g i l i z c e   a k ı c ı l ı ğ ı ,   İ l e t i ş i m   b e c e r i l e r i   g ü ç l ü ,   d e t a y   o d a k l ı ,   K e n d i   k e n d i n i   o r g a n i z e   e d e n   v e   t e s l i m   t a r i h l e r i n e   u y g u n   ç a l ı ş a b i l e n ,   M u h a s e b e   d e p a r t m a n ı n d a   k a r i y e r   y a p m a y ı   h e d e f l e y e n"
86,"İ l g i l i   a l a n l a r d a   l i s a n s   d e r e c e s i   z o r u n l u ,   E n   a z   d ö r t   y ı l l ı k   i l g i l i   i ş   d e n e y i m i ,   İ l e r i   d ü z e y d e   s ö z l ü   v e   y a z ı l ı   İ n g i l i z c e   v e   T ü r k ç e   b i l g i s i ,   Ç ö z ü m   s u n u m u   v e   u y g u l a m a s ı n d a   p r o j e   y ö n e t i m i   d e n e y i m i ,   Y e n i   t e k n o l o j i l e r e   v e   t r e n d l e r e   k a r ş ı   t u t k u ,   S a ğ l a m   B ü t ü n s e l   t e k n i k   B T   b i l g i s i ,   F M C G   i ş i   v e   T e d a r i k   Z i n c i r i   t e k n o l o j i l e r i   v e   o p e r a s y o n u   k o n u s u n d a   d e n e y i m ,   D ü z e n l i   t e k n i k   v e   i ş l e v s e l   t a r t ı ş m a l a r a   ö n c ü l ü k   e t m e k   i ç i n   g ü ç l ü   p a y d a ş   y ö n e t i m i   b e c e r i l e r i"
87,"İ ş   y ü k ü n ü   ö n c e l i k l e n d i r m e k   v e   m ü ş t e r i   i l i ş k i l e r i n i n   y ö n e t i l m e s i ,   E t k i l i   b i r   ş e k i l d e   y a z ı l ı   v e   s ö z l ü   i l e t i ş i m   k u r a b i l m e k ,   O f i s   i ç i   t e r t i p   v e   d ü z e n i n   s a ğ l a n m a s ı ,   T a s a r ı m   i ş l e r i n e   y a r d ı m c ı   o l m a k ,   Ç o k l u   g ö r e v   y e t e n e ğ i   i l e   g ü ç l ü   o r g a n i z a s y o n   b e c e r i s i   s a h i b i   o l m a k"
88,"Ü n i v e r s i t e   m e z u n u ,   G ü ç l ü   i l e t i ş i m   b e c e r i s i ,   İ l e r i   s e v i y e d e   İ n g i l i z c e   y a z m a   v e   k o n u ş m a   b e c e r i l e r i   o l a n ,   E m l a k   s e r v i s i   y a p a b i l m e   y e t e n e ğ i   o l a n ,   P r e z a n t a b l ,   A s k e r l i k   h i z m e t i n i   t a m a m l a m ı ş   v e y a   t e c i l l i ,   B i l g i s a y a r   p r o g r a m l a r ı n ı   k u l l a n a b i l e n"
89,"P r e z e n t a s y o n   v e   d i k s i y o n u   y ü k s e k ,   G ü l e r y ü z l ü ,   S o r u m l u l u k   s a h i b i ,   M i c r o s o f t   o f f i c e   p r o g r a m l a r ı n a   h a k i m ,   E s n e k   ç a l ı ş m a   s a a t l e r i n e   u y u m   s a ğ l a y a b i l e c e k ,   Z a m a n   y ö n e t i m i   o l a n   v e   s o n u ç   o d a k l ı ,   A r ş i v l e m e   s i s t e m i   h a k k ı n d a   t e c r ü b e l i ,   E n   a z   l i s e   m e z u n u ,   T e r c i h e n   İ n g i l i z c e   b i l e n"
90,"P r o f i c i e n c y   i n   M i c r o s o f t   O f f i c e ,   E x c e l l e n t   w r i t t e n   a n d   v e r b a l   c o m m u n i c a t i o n   s k i l l s   A b i l i t y   t o   m u l t i - t a s k ,   o r g a n i z e ,   a n d   p r i o r i t i z e   w o r k"
91,"S ö z l ü ,   y a z ı l ı   v e   t e l e f o n   i l e t i ş i m   b e c e r i s i   y ü k s e k ,   i n s a n   i l i ş k i l e r i n d e   k e n d i n e   g ü v e n e n ,   p o z i t i f ,   g ü l e r   y ü z l ü   d i k s i y o n u   d ü z g ü n ,   p r e z e n t a b l ,   B i l g i s a y a r   k u l l a n a b i l e n   M S   O f f i c e   u y g u l a m a l a r ı n a   h a k i m ,   G r a f i k   T a s a r ı m   B i l g i s i   O l a n   v e   S o s y a l   M e d y a y ı   i y i   k u l l a n a b i l e n ,   K a d ı n"
92,"y e n i l i k l e r i   s e v e n ,   o r g a n i z e ,   ö z e r k   v e   k e n d i   i n i s i y a t i f l e r i n i   t a k i p   e t m e y e   i s t e k l i"
93,"d ü z e n l i   v e   t e m i z   ç a l ı ş m a   o r t a m ı   s e v e n ,   o f i s   p r o g r a m l a r ı n ı   i y i   d e r e c e d e   k u l l a n a n ,   k i b a r ,   s a y g ı l ı ,   T ü r k ç e ' y i   d o ğ r u   k u l l a n a n ,   z a m a n   y ö n e t i m i ,   c i h a z l a r ı n   b a k ı m ı n d a n   s o r u m l u   o l m a k"
94,"E k i p   ç a l ı ş m a s ı n a   i n a n a n   v e   g e r e k l i l i k l e r i n e   g ö r e   h a r e k e t   e d e n ,   G ü ç l ü   i k n a   v e   i l e t i ş i m   b e c e r i l e r i   o l a n ,   i n s i y a t i f   a l a b i l e n ,   İ l e t i ş i m i   k u v v e t l i   v e   d i k s i y o n u   d ü z g ü n ,   K e n d i n e   g ü v e n i   y ü k s e k ,   Ç a l ı ş m a y ı   s e v e n"
95,"t ı b b i   t e r m i n o l o j i s i   o l a n ,   i n s a n   i l i ş k i l e r i n d e   b a ş a r ı l ı ,   b a y a n  "
96,"Ç o k   i y i   d e r e c e d e   w o r d   E x c e l   b i l g i s i n e   s a h i p ,   b i r - i k i   y ı l   m u h a s e b e   k o n u s u n d a   t e c r ü b e l i ,   A n a d o l u   y a k a s ı n d a   i k a m e t   e d e n ,   b a y a n"
97,"Ç o k   i y i   s e v i y e d e   M S   O f f i c e   v e y a   E x c e l l   b i l g i s i n e   s a h i p ,   P l a n l a m a   v e   o r g a n i z a s y o n   y e t e n e ğ i   g e l i ş m i ş ,   k o o r d i n a s y o n   v e   t a k i p   b e c e r i s i   y ü k s e k ,   İ y i   d e r e c e d e   s ö z l ü   v e   y a z ı l ı   i l e t i ş i m   b e c e r i s i n e   s a h i p ,   T e m s i l   y e t e n e ğ i   g ü ç l ü ,   d i k s i y o n u   d ü z g ü n ,   c a n l ı ,   p o z i t i f   v e   g ü l e r   y ü z l ü ,   E k i p   ç a l ı ş m a s ı n a   u y u m   s a ğ l a y a b i l e c e k ,   T e r c i h e n   ö n   l i s a n s   v e y a   l i s a n s   m e z u n u ,   P l a n l ı   ç a l ı ş m a   b e c e r i s i   v e   a l ı ş k a n l ı ğ ı   o l a n ,   D i k s i y o n u ,   t e m s i l   k a b i l i y e t i ,   y a z ı l ı   v e   s ö z l ü   i l e t i ş i m   b e c e r i s i   y ü k s e k ,   Y ö n e t i c i   a s i s t a n l ı ğ ı   v e y a   s e k r e t e r l i k   a l a n ı n d a   t e r c i h e n   i k i   y ı l   d e n e y i m l i ,   P r e z a n t a b l ,   k e n d i n e   ö z g ü v e n i   y ü k s e k ,   g ü l e r   y ü z l ü ,   Z a m a n   y ö n e t i m i   k o n u s u n d a   b a ş a r ı l ı ,   T e r c i h e n   ö n   m u h a s e b e   t u t m a   k o n u s u n d a   t e c r ü b e   s a h i b i"
98,"y i r m i   b e ş - o t u z   b e ş   y a ş   a r a s ı ,   d e n e y i m l i ,   b a y a n"
99,"  Ü n i v e r s i t e l e r i n   i l g i l i   b ö l ü m l e r i n d e n   m e z u n ,   A k t i f   t e l e f o n   a k ı ş ı n ı   y ö n e t e b i l e c e k ,   Ö ğ r e n m e y e   a ç ı k ,   t a k ı m   ç a l ı ş m a s ı n a   y a t k ı n ,   E   f a t u r a   s i s t e m i n e   h a k i m ,   C a r i   h e s a p   M u t a b a k a t l a r ı n ı   y a p a b i l e c e k ,   M S   O f f i c e   P r o g r a m l a r ı n ı   a k t i f   k u l l a n a n ,   T o p l a n t ı ,   e t k i n l i k   v e   r a n d e v u l a r ı   p l a n l a y a c a k ,   İ t h a l a t   v e   İ h r a c a t   e v r a k l a r ı n ı   h a z ı r l a m a y ı   b i l e n"
